This file contains any messages produced by compilers while
running configure, to aid debugging if configure makes a mistake.

It was created by configure, which was
generated by GNU Autoconf 2.71.  Invocation command line was

  $ ./configure

## --------- ##
## Platform. ##
## --------- ##

hostname = aria
uname -m = x86_64
uname -r = 5.15.0-47-generic
uname -s = Linux
uname -v = #51-Ubuntu SMP Thu Aug 11 07:51:15 UTC 2022

/usr/bin/uname -p = x86_64
/bin/uname -X     = unknown

/bin/arch              = x86_64
/usr/bin/arch -k       = unknown
/usr/convex/getsysinfo = unknown
/usr/bin/hostinfo      = unknown
/bin/machine           = unknown
/usr/bin/oslevel       = unknown
/bin/universe          = unknown

PATH: /usr/lib/llvm-18/bin/
PATH: /home/arnab/.vscode-server/bin/b3e4e68a0bc097f0ae7907b217c1119af9e03435/bin/remote-cli/
PATH: /home/arnab/.local/bin/
PATH: /home/arnab/bin/
PATH: /usr/lib/llvm-18/bin/
PATH: /home/arnab/.cargo/bin/
PATH: /home/arnab/.local/bin/
PATH: /home/arnab/bin/
PATH: /usr/local/sbin/
PATH: /usr/local/bin/
PATH: /usr/sbin/
PATH: /usr/bin/
PATH: /sbin/
PATH: /bin/
PATH: /usr/games/
PATH: /usr/local/games/
PATH: ./
PATH: /snap/bin/


## ----------- ##
## Core tests. ##
## ----------- ##

configure:2449: looking for aux files: install-sh config.guess config.sub
configure:2462:  trying ./autoconf/helpers/
configure:2473:   ./autoconf/helpers/install-sh found
configure:2491:   ./autoconf/helpers/config.guess found
configure:2491:   ./autoconf/helpers/config.sub found
configure:2609: checking for nasm
configure:2632: found /home/arnab/bin/nasm
configure:2644: result: /home/arnab/bin/nasm
configure:2718: checking build system type
configure:2733: result: x86_64-pc-linux-gnu
configure:2753: checking host system type
configure:2767: result: x86_64-pc-linux-gnu
configure:2850: checking for gcc
configure:2882: result: /home/arnab/Aflplusplus/AFLplusplus/afl-clang-fast
configure:3235: checking for C compiler version
configure:3244: /home/arnab/Aflplusplus/AFLplusplus/afl-clang-fast --version >&5
Ubuntu clang version 18.1.8 (++20240731024944+3b5b5c1ec4a3-1~exp1~20240731145000.144)
Target: x86_64-pc-linux-gnu
Thread model: posix
InstalledDir: /usr/lib/llvm-18/bin
configure:3255: $? = 0
configure:3244: /home/arnab/Aflplusplus/AFLplusplus/afl-clang-fast -v >&5
Ubuntu clang version 18.1.8 (++20240731024944+3b5b5c1ec4a3-1~exp1~20240731145000.144)
Target: x86_64-pc-linux-gnu
Thread model: posix
InstalledDir: /usr/lib/llvm-18/bin
Found candidate GCC installation: /usr/lib/gcc/x86_64-linux-gnu/11
Found candidate GCC installation: /usr/lib/gcc/x86_64-linux-gnu/12
Found candidate GCC installation: /usr/lib/gcc/x86_64-linux-gnu/4.4
Found candidate GCC installation: /usr/lib/gcc/x86_64-linux-gnu/4.4.7
Found candidate GCC installation: /usr/lib/gcc/x86_64-linux-gnu/4.5
Found candidate GCC installation: /usr/lib/gcc/x86_64-linux-gnu/4.5.3
... rest of stderr output deleted ...
configure:3255: $? = 0
configure:3244: /home/arnab/Aflplusplus/AFLplusplus/afl-clang-fast -V >&5
clang: error: unsupported option '-V -fPIC'
clang: error: no input files
configure:3255: $? = 1
configure:3244: /home/arnab/Aflplusplus/AFLplusplus/afl-clang-fast -qversion >&5
clang: error: unknown argument '-qversion'; did you mean '--version'?
clang: error: no input files
configure:3255: $? = 1
configure:3244: /home/arnab/Aflplusplus/AFLplusplus/afl-clang-fast -version >&5
clang: error: unknown argument '-version'; did you mean '--version'?
clang: error: no input files
configure:3255: $? = 1
configure:3275: checking whether the C compiler works
configure:3297: /home/arnab/Aflplusplus/AFLplusplus/afl-clang-fast    conftest.c  >&5
configure:3301: $? = 0
configure:3351: result: yes
configure:3354: checking for C compiler default output file name
configure:3356: result: a.out
configure:3362: checking for suffix of executables
configure:3369: /home/arnab/Aflplusplus/AFLplusplus/afl-clang-fast -o conftest    conftest.c  >&5
configure:3373: $? = 0
configure:3396: result: 
configure:3418: checking whether we are cross compiling
configure:3426: /home/arnab/Aflplusplus/AFLplusplus/afl-clang-fast -o conftest    conftest.c  >&5
configure:3430: $? = 0
configure:3437: ./conftest
configure:3441: $? = 0
configure:3456: result: no
configure:3461: checking for suffix of object files
configure:3484: /home/arnab/Aflplusplus/AFLplusplus/afl-clang-fast -c   conftest.c >&5
configure:3488: $? = 0
configure:3510: result: o
configure:3514: checking whether the compiler supports GNU C
configure:3534: /home/arnab/Aflplusplus/AFLplusplus/afl-clang-fast -c   conftest.c >&5
configure:3534: $? = 0
configure:3544: result: yes
configure:3555: checking whether /home/arnab/Aflplusplus/AFLplusplus/afl-clang-fast accepts -g
configure:3576: /home/arnab/Aflplusplus/AFLplusplus/afl-clang-fast -c -g  conftest.c >&5
configure:3576: $? = 0
configure:3620: result: yes
configure:3640: checking for /home/arnab/Aflplusplus/AFLplusplus/afl-clang-fast option to enable C11 features
configure:3655: /home/arnab/Aflplusplus/AFLplusplus/afl-clang-fast  -c -g -O2  conftest.c >&5
conftest.c:23:14: warning: a function definition without a prototype is deprecated in all versions of C and is not supported in C23 [-Wdeprecated-non-prototype]
   23 | static char *e (p, i)
      |              ^
1 warning generated.
configure:3655: $? = 0
configure:3673: result: none needed
configure:3788: checking for stdio.h
configure:3788: /home/arnab/Aflplusplus/AFLplusplus/afl-clang-fast -c -g -O2  conftest.c >&5
configure:3788: $? = 0
configure:3788: result: yes
configure:3788: checking for stdlib.h
configure:3788: /home/arnab/Aflplusplus/AFLplusplus/afl-clang-fast -c -g -O2  conftest.c >&5
configure:3788: $? = 0
configure:3788: result: yes
configure:3788: checking for string.h
configure:3788: /home/arnab/Aflplusplus/AFLplusplus/afl-clang-fast -c -g -O2  conftest.c >&5
configure:3788: $? = 0
configure:3788: result: yes
configure:3788: checking for inttypes.h
configure:3788: /home/arnab/Aflplusplus/AFLplusplus/afl-clang-fast -c -g -O2  conftest.c >&5
configure:3788: $? = 0
configure:3788: result: yes
configure:3788: checking for stdint.h
configure:3788: /home/arnab/Aflplusplus/AFLplusplus/afl-clang-fast -c -g -O2  conftest.c >&5
configure:3788: $? = 0
configure:3788: result: yes
configure:3788: checking for strings.h
configure:3788: /home/arnab/Aflplusplus/AFLplusplus/afl-clang-fast -c -g -O2  conftest.c >&5
configure:3788: $? = 0
configure:3788: result: yes
configure:3788: checking for sys/stat.h
configure:3788: /home/arnab/Aflplusplus/AFLplusplus/afl-clang-fast -c -g -O2  conftest.c >&5
configure:3788: $? = 0
configure:3788: result: yes
configure:3788: checking for sys/types.h
configure:3788: /home/arnab/Aflplusplus/AFLplusplus/afl-clang-fast -c -g -O2  conftest.c >&5
configure:3788: $? = 0
configure:3788: result: yes
configure:3788: checking for unistd.h
configure:3788: /home/arnab/Aflplusplus/AFLplusplus/afl-clang-fast -c -g -O2  conftest.c >&5
configure:3788: $? = 0
configure:3788: result: yes
configure:3788: checking for wchar.h
configure:3788: /home/arnab/Aflplusplus/AFLplusplus/afl-clang-fast -c -g -O2  conftest.c >&5
configure:3788: $? = 0
configure:3788: result: yes
configure:3788: checking for minix/config.h
configure:3788: /home/arnab/Aflplusplus/AFLplusplus/afl-clang-fast -c -g -O2  conftest.c >&5
conftest.c:47:10: fatal error: 'minix/config.h' file not found
   47 | #include <minix/config.h>
      |          ^~~~~~~~~~~~~~~~
1 error generated.
configure:3788: $? = 1
configure: failed program was:
| /* confdefs.h */
| #define PACKAGE_NAME ""
| #define PACKAGE_TARNAME ""
| #define PACKAGE_VERSION ""
| #define PACKAGE_STRING ""
| #define PACKAGE_BUGREPORT ""
| #define PACKAGE_URL ""
| #define HAVE_STDIO_H 1
| #define HAVE_STDLIB_H 1
| #define HAVE_STRING_H 1
| #define HAVE_INTTYPES_H 1
| #define HAVE_STDINT_H 1
| #define HAVE_STRINGS_H 1
| #define HAVE_SYS_STAT_H 1
| #define HAVE_SYS_TYPES_H 1
| #define HAVE_UNISTD_H 1
| #define HAVE_WCHAR_H 1
| /* end confdefs.h.  */
| #include <stddef.h>
| #ifdef HAVE_STDIO_H
| # include <stdio.h>
| #endif
| #ifdef HAVE_STDLIB_H
| # include <stdlib.h>
| #endif
| #ifdef HAVE_STRING_H
| # include <string.h>
| #endif
| #ifdef HAVE_INTTYPES_H
| # include <inttypes.h>
| #endif
| #ifdef HAVE_STDINT_H
| # include <stdint.h>
| #endif
| #ifdef HAVE_STRINGS_H
| # include <strings.h>
| #endif
| #ifdef HAVE_SYS_TYPES_H
| # include <sys/types.h>
| #endif
| #ifdef HAVE_SYS_STAT_H
| # include <sys/stat.h>
| #endif
| #ifdef HAVE_UNISTD_H
| # include <unistd.h>
| #endif
| #include <minix/config.h>
configure:3788: result: no
configure:3788: checking for sys/param.h
configure:3788: /home/arnab/Aflplusplus/AFLplusplus/afl-clang-fast -c -g -O2  conftest.c >&5
configure:3788: $? = 0
configure:3788: result: yes
configure:3819: checking whether it is safe to define __EXTENSIONS__
configure:3838: /home/arnab/Aflplusplus/AFLplusplus/afl-clang-fast -c -g -O2  conftest.c >&5
configure:3838: $? = 0
configure:3846: result: yes
configure:3849: checking whether _XOPEN_SOURCE should be defined
configure:3871: /home/arnab/Aflplusplus/AFLplusplus/afl-clang-fast -c -g -O2  conftest.c >&5
configure:3871: $? = 0
configure:3898: result: no
configure:3962: checking for special C compiler options needed for large files
configure:4010: result: no
configure:4016: checking for _FILE_OFFSET_BITS value needed for large files
configure:4042: /home/arnab/Aflplusplus/AFLplusplus/afl-clang-fast -c -g -O2  conftest.c >&5
configure:4042: $? = 0
configure:4076: result: no
configure:4158: checking if /home/arnab/Aflplusplus/AFLplusplus/afl-clang-fast accepts -std=c17
configure:4173: /home/arnab/Aflplusplus/AFLplusplus/afl-clang-fast -o conftest -g -O2 -std=c17   conftest.c  >&5
configure:4173: $? = 0
configure:4175: result: yes
configure:4458: checking for size_t
configure:4458: /home/arnab/Aflplusplus/AFLplusplus/afl-clang-fast -c -g -O2 -std=c17  conftest.c >&5
configure:4458: $? = 0
configure:4458: /home/arnab/Aflplusplus/AFLplusplus/afl-clang-fast -c -g -O2 -std=c17  conftest.c >&5
conftest.c:69:21: error: expected expression
   69 | if (sizeof ((size_t)))
      |                     ^
1 error generated.
configure:4458: $? = 1
configure: failed program was:
| /* confdefs.h */
| #define PACKAGE_NAME ""
| #define PACKAGE_TARNAME ""
| #define PACKAGE_VERSION ""
| #define PACKAGE_STRING ""
| #define PACKAGE_BUGREPORT ""
| #define PACKAGE_URL ""
| #define HAVE_STDIO_H 1
| #define HAVE_STDLIB_H 1
| #define HAVE_STRING_H 1
| #define HAVE_INTTYPES_H 1
| #define HAVE_STDINT_H 1
| #define HAVE_STRINGS_H 1
| #define HAVE_SYS_STAT_H 1
| #define HAVE_SYS_TYPES_H 1
| #define HAVE_UNISTD_H 1
| #define HAVE_WCHAR_H 1
| #define HAVE_SYS_PARAM_H 1
| #define STDC_HEADERS 1
| #define _ALL_SOURCE 1
| #define _DARWIN_C_SOURCE 1
| #define _GNU_SOURCE 1
| #define _HPUX_ALT_XOPEN_SOCKET_API 1
| #define _NETBSD_SOURCE 1
| #define _OPENBSD_SOURCE 1
| #define _POSIX_PTHREAD_SEMANTICS 1
| #define __STDC_WANT_IEC_60559_ATTRIBS_EXT__ 1
| #define __STDC_WANT_IEC_60559_BFP_EXT__ 1
| #define __STDC_WANT_IEC_60559_DFP_EXT__ 1
| #define __STDC_WANT_IEC_60559_FUNCS_EXT__ 1
| #define __STDC_WANT_IEC_60559_TYPES_EXT__ 1
| #define __STDC_WANT_LIB_EXT2__ 1
| #define __STDC_WANT_MATH_SPEC_FUNCS__ 1
| #define _TANDEM_SOURCE 1
| #define __EXTENSIONS__ 1
| #define CFLAGS_STD_C17 1
| /* end confdefs.h.  */
| #include <stddef.h>
| #ifdef HAVE_STDIO_H
| # include <stdio.h>
| #endif
| #ifdef HAVE_STDLIB_H
| # include <stdlib.h>
| #endif
| #ifdef HAVE_STRING_H
| # include <string.h>
| #endif
| #ifdef HAVE_INTTYPES_H
| # include <inttypes.h>
| #endif
| #ifdef HAVE_STDINT_H
| # include <stdint.h>
| #endif
| #ifdef HAVE_STRINGS_H
| # include <strings.h>
| #endif
| #ifdef HAVE_SYS_TYPES_H
| # include <sys/types.h>
| #endif
| #ifdef HAVE_SYS_STAT_H
| # include <sys/stat.h>
| #endif
| #ifdef HAVE_UNISTD_H
| # include <unistd.h>
| #endif
| int
| main (void)
| {
| if (sizeof ((size_t)))
| 	    return 0;
|   ;
|   return 0;
| }
configure:4458: result: yes
configure:4468: checking whether byte ordering is bigendian
configure:4484: /home/arnab/Aflplusplus/AFLplusplus/afl-clang-fast -c -g -O2 -std=c17  conftest.c >&5
conftest.c:39:9: error: unknown type name 'not'
   39 |                not a universal capable compiler
      |                ^
conftest.c:39:14: error: expected ';' after top level declarator
   39 |                not a universal capable compiler
      |                     ^
      |                     ;
2 errors generated.
configure:4484: $? = 1
configure: failed program was:
| /* confdefs.h */
| #define PACKAGE_NAME ""
| #define PACKAGE_TARNAME ""
| #define PACKAGE_VERSION ""
| #define PACKAGE_STRING ""
| #define PACKAGE_BUGREPORT ""
| #define PACKAGE_URL ""
| #define HAVE_STDIO_H 1
| #define HAVE_STDLIB_H 1
| #define HAVE_STRING_H 1
| #define HAVE_INTTYPES_H 1
| #define HAVE_STDINT_H 1
| #define HAVE_STRINGS_H 1
| #define HAVE_SYS_STAT_H 1
| #define HAVE_SYS_TYPES_H 1
| #define HAVE_UNISTD_H 1
| #define HAVE_WCHAR_H 1
| #define HAVE_SYS_PARAM_H 1
| #define STDC_HEADERS 1
| #define _ALL_SOURCE 1
| #define _DARWIN_C_SOURCE 1
| #define _GNU_SOURCE 1
| #define _HPUX_ALT_XOPEN_SOCKET_API 1
| #define _NETBSD_SOURCE 1
| #define _OPENBSD_SOURCE 1
| #define _POSIX_PTHREAD_SEMANTICS 1
| #define __STDC_WANT_IEC_60559_ATTRIBS_EXT__ 1
| #define __STDC_WANT_IEC_60559_BFP_EXT__ 1
| #define __STDC_WANT_IEC_60559_DFP_EXT__ 1
| #define __STDC_WANT_IEC_60559_FUNCS_EXT__ 1
| #define __STDC_WANT_IEC_60559_TYPES_EXT__ 1
| #define __STDC_WANT_LIB_EXT2__ 1
| #define __STDC_WANT_MATH_SPEC_FUNCS__ 1
| #define _TANDEM_SOURCE 1
| #define __EXTENSIONS__ 1
| #define CFLAGS_STD_C17 1
| /* end confdefs.h.  */
| #ifndef __APPLE_CC__
| 	       not a universal capable compiler
| 	     #endif
| 	     typedef int dummy;
| 
configure:4530: /home/arnab/Aflplusplus/AFLplusplus/afl-clang-fast -c -g -O2 -std=c17  conftest.c >&5
configure:4530: $? = 0
configure:4549: /home/arnab/Aflplusplus/AFLplusplus/afl-clang-fast -c -g -O2 -std=c17  conftest.c >&5
conftest.c:45:4: error: use of undeclared identifier 'not'
   45 |                  not big endian
      |                  ^
1 error generated.
configure:4549: $? = 1
configure: failed program was:
| /* confdefs.h */
| #define PACKAGE_NAME ""
| #define PACKAGE_TARNAME ""
| #define PACKAGE_VERSION ""
| #define PACKAGE_STRING ""
| #define PACKAGE_BUGREPORT ""
| #define PACKAGE_URL ""
| #define HAVE_STDIO_H 1
| #define HAVE_STDLIB_H 1
| #define HAVE_STRING_H 1
| #define HAVE_INTTYPES_H 1
| #define HAVE_STDINT_H 1
| #define HAVE_STRINGS_H 1
| #define HAVE_SYS_STAT_H 1
| #define HAVE_SYS_TYPES_H 1
| #define HAVE_UNISTD_H 1
| #define HAVE_WCHAR_H 1
| #define HAVE_SYS_PARAM_H 1
| #define STDC_HEADERS 1
| #define _ALL_SOURCE 1
| #define _DARWIN_C_SOURCE 1
| #define _GNU_SOURCE 1
| #define _HPUX_ALT_XOPEN_SOCKET_API 1
| #define _NETBSD_SOURCE 1
| #define _OPENBSD_SOURCE 1
| #define _POSIX_PTHREAD_SEMANTICS 1
| #define __STDC_WANT_IEC_60559_ATTRIBS_EXT__ 1
| #define __STDC_WANT_IEC_60559_BFP_EXT__ 1
| #define __STDC_WANT_IEC_60559_DFP_EXT__ 1
| #define __STDC_WANT_IEC_60559_FUNCS_EXT__ 1
| #define __STDC_WANT_IEC_60559_TYPES_EXT__ 1
| #define __STDC_WANT_LIB_EXT2__ 1
| #define __STDC_WANT_MATH_SPEC_FUNCS__ 1
| #define _TANDEM_SOURCE 1
| #define __EXTENSIONS__ 1
| #define CFLAGS_STD_C17 1
| /* end confdefs.h.  */
| #include <sys/types.h>
| 		#include <sys/param.h>
| 
| int
| main (void)
| {
| #if BYTE_ORDER != BIG_ENDIAN
| 		 not big endian
| 		#endif
| 
|   ;
|   return 0;
| }
configure:4683: result: no
configure:4705: checking if /home/arnab/Aflplusplus/AFLplusplus/afl-clang-fast accepts -Werror=unknown-warning-option
configure:4720: /home/arnab/Aflplusplus/AFLplusplus/afl-clang-fast -o conftest -g -O2 -std=c17 -Werror=unknown-warning-option   conftest.c  >&5
configure:4720: $? = 0
configure:4722: result: yes
configure:4738: checking if /home/arnab/Aflplusplus/AFLplusplus/afl-clang-fast accepts -fwrapv
configure:4753: /home/arnab/Aflplusplus/AFLplusplus/afl-clang-fast -o conftest -g -O2 -std=c17 -Werror=unknown-warning-option -fwrapv   conftest.c  >&5
configure:4753: $? = 0
configure:4755: result: yes
configure:4771: checking if /home/arnab/Aflplusplus/AFLplusplus/afl-clang-fast accepts -ftrivial-auto-var-init=zero
configure:4786: /home/arnab/Aflplusplus/AFLplusplus/afl-clang-fast -o conftest -g -O2 -std=c17 -Werror=unknown-warning-option -fwrapv -ftrivial-auto-var-init=zero   conftest.c  >&5
configure:4786: $? = 0
configure:4788: result: yes
configure:4804: checking if /home/arnab/Aflplusplus/AFLplusplus/afl-clang-fast accepts -U__STRICT_ANSI__
configure:4819: /home/arnab/Aflplusplus/AFLplusplus/afl-clang-fast -o conftest -g -O2 -std=c17 -Werror=unknown-warning-option -fwrapv -ftrivial-auto-var-init=zero -U__STRICT_ANSI__   conftest.c  >&5
configure:4819: $? = 0
configure:4821: result: yes
configure:4837: checking if /home/arnab/Aflplusplus/AFLplusplus/afl-clang-fast accepts -fno-common
configure:4852: /home/arnab/Aflplusplus/AFLplusplus/afl-clang-fast -o conftest -g -O2 -std=c17 -Werror=unknown-warning-option -fwrapv -ftrivial-auto-var-init=zero -U__STRICT_ANSI__ -fno-common   conftest.c  >&5
configure:4852: $? = 0
configure:4854: result: yes
configure:4870: checking for suffix of library files
configure:4882: result: a
configure:4886: checking whether ln -s works
configure:4890: result: yes
configure:4897: checking whether make sets $(MAKE)
configure:4920: result: yes
configure:4944: checking for a BSD-compatible install
configure:5017: result: /usr/bin/install -c
configure:5029: checking for a race-free mkdir -p
configure:5073: result: /usr/bin/mkdir -p
configure:5081: checking for nroff
configure:5102: found /usr/bin/nroff
configure:5113: result: nroff
configure:5129: checking for asciidoc
configure:5164: result: no
configure:5177: checking for xmlto
configure:5198: found /usr/bin/xmlto
configure:5209: result: xmlto
configure:5225: checking for xz
configure:5246: found /usr/bin/xz
configure:5257: result: xz
configure:5273: WARNING: No asciidoc package found, cannot build man pages
configure:5545: checking for ar
configure:5566: found /usr/bin/ar
configure:5577: result: ar
configure:5647: checking for ranlib
configure:5668: found /usr/bin/ranlib
configure:5679: result: ranlib
configure:5749: checking for strip
configure:5770: found /usr/bin/strip
configure:5781: result: strip
configure:5805: checking for an ANSI C-conforming const
configure:5872: /home/arnab/Aflplusplus/AFLplusplus/afl-clang-fast -c -g -O2 -std=c17 -Werror=unknown-warning-option -fwrapv -ftrivial-auto-var-init=zero -U__STRICT_ANSI__ -fno-common  conftest.c >&5
configure:5872: $? = 0
configure:5880: result: yes
configure:5888: checking for inline
configure:5905: /home/arnab/Aflplusplus/AFLplusplus/afl-clang-fast -c -g -O2 -std=c17 -Werror=unknown-warning-option -fwrapv -ftrivial-auto-var-init=zero -U__STRICT_ANSI__ -fno-common  conftest.c >&5
configure:5905: $? = 0
configure:5914: result: inline
configure:5932: checking for C/C++ restrict keyword
configure:5962: /home/arnab/Aflplusplus/AFLplusplus/afl-clang-fast -c -g -O2 -std=c17 -Werror=unknown-warning-option -fwrapv -ftrivial-auto-var-init=zero -U__STRICT_ANSI__ -fno-common  conftest.c >&5
configure:5962: $? = 0
configure:5971: result: __restrict__
configure:5987: checking for string.h
configure:5987: result: yes
configure:6000: checking for stdarg.h
configure:6000: /home/arnab/Aflplusplus/AFLplusplus/afl-clang-fast -c -g -O2 -std=c17 -Werror=unknown-warning-option -fwrapv -ftrivial-auto-var-init=zero -U__STRICT_ANSI__ -fno-common  conftest.c >&5
configure:6000: $? = 0
configure:6000: result: yes
configure:6011: checking for inttypes.h
configure:6011: result: yes
configure:6018: checking for strings.h
configure:6018: result: yes
configure:6025: checking for _Bool
configure:6025: /home/arnab/Aflplusplus/AFLplusplus/afl-clang-fast -c -g -O2 -std=c17 -Werror=unknown-warning-option -fwrapv -ftrivial-auto-var-init=zero -U__STRICT_ANSI__ -fno-common  conftest.c >&5
configure:6025: $? = 0
configure:6025: /home/arnab/Aflplusplus/AFLplusplus/afl-clang-fast -c -g -O2 -std=c17 -Werror=unknown-warning-option -fwrapv -ftrivial-auto-var-init=zero -U__STRICT_ANSI__ -fno-common  conftest.c >&5
conftest.c:82:20: error: expected expression
   82 | if (sizeof ((_Bool)))
      |                    ^
1 error generated.
configure:6025: $? = 1
configure: failed program was:
| /* confdefs.h */
| #define PACKAGE_NAME ""
| #define PACKAGE_TARNAME ""
| #define PACKAGE_VERSION ""
| #define PACKAGE_STRING ""
| #define PACKAGE_BUGREPORT ""
| #define PACKAGE_URL ""
| #define HAVE_STDIO_H 1
| #define HAVE_STDLIB_H 1
| #define HAVE_STRING_H 1
| #define HAVE_INTTYPES_H 1
| #define HAVE_STDINT_H 1
| #define HAVE_STRINGS_H 1
| #define HAVE_SYS_STAT_H 1
| #define HAVE_SYS_TYPES_H 1
| #define HAVE_UNISTD_H 1
| #define HAVE_WCHAR_H 1
| #define HAVE_SYS_PARAM_H 1
| #define STDC_HEADERS 1
| #define _ALL_SOURCE 1
| #define _DARWIN_C_SOURCE 1
| #define _GNU_SOURCE 1
| #define _HPUX_ALT_XOPEN_SOCKET_API 1
| #define _NETBSD_SOURCE 1
| #define _OPENBSD_SOURCE 1
| #define _POSIX_PTHREAD_SEMANTICS 1
| #define __STDC_WANT_IEC_60559_ATTRIBS_EXT__ 1
| #define __STDC_WANT_IEC_60559_BFP_EXT__ 1
| #define __STDC_WANT_IEC_60559_DFP_EXT__ 1
| #define __STDC_WANT_IEC_60559_FUNCS_EXT__ 1
| #define __STDC_WANT_IEC_60559_TYPES_EXT__ 1
| #define __STDC_WANT_LIB_EXT2__ 1
| #define __STDC_WANT_MATH_SPEC_FUNCS__ 1
| #define _TANDEM_SOURCE 1
| #define __EXTENSIONS__ 1
| #define CFLAGS_STD_C17 1
| #define WORDS_LITTLEENDIAN 1
| #define CFLAGS_WERROR_UNKNOWN_WARNING_OPTION 1
| #define CFLAGS_FWRAPV 1
| #define CFLAGS_FTRIVIAL_AUTO_VAR_INIT_ZERO 1
| #define CFLAGS_U_STRICT_ANSI 1
| #define CFLAGS_FNO_COMMON 1
| #define restrict __restrict__
| #define HAVE_STRING_H 1
| #define HAVE_STDARG_H 1
| #define HAVE_INTTYPES_H 1
| #define HAVE_STRINGS_H 1
| /* end confdefs.h.  */
| #include <stddef.h>
| #ifdef HAVE_STDIO_H
| # include <stdio.h>
| #endif
| #ifdef HAVE_STDLIB_H
| # include <stdlib.h>
| #endif
| #ifdef HAVE_STRING_H
| # include <string.h>
| #endif
| #ifdef HAVE_INTTYPES_H
| # include <inttypes.h>
| #endif
| #ifdef HAVE_STDINT_H
| # include <stdint.h>
| #endif
| #ifdef HAVE_STRINGS_H
| # include <strings.h>
| #endif
| #ifdef HAVE_SYS_TYPES_H
| # include <sys/types.h>
| #endif
| #ifdef HAVE_SYS_STAT_H
| # include <sys/stat.h>
| #endif
| #ifdef HAVE_UNISTD_H
| # include <unistd.h>
| #endif
| #include <string.h>
| #include <stdarg.h>
| int
| main (void)
| {
| if (sizeof ((_Bool)))
| 	    return 0;
|   ;
|   return 0;
| }
configure:6025: result: yes
configure:6034: checking for stdbool.h that conforms to C99
configure:6150: /home/arnab/Aflplusplus/AFLplusplus/afl-clang-fast -c -g -O2 -std=c17 -Werror=unknown-warning-option -fwrapv -ftrivial-auto-var-init=zero -U__STRICT_ANSI__ -fno-common  conftest.c >&5
conftest.c:135:25: warning: address of 's' will always evaluate to 'true' [-Wpointer-bool-conversion]
  135 |              bool ps = &s;
      |                   ~~    ^
conftest.c:140:28: warning: address of 't' will always evaluate to 'true' [-Wpointer-bool-conversion]
  140 |                _Bool pt = &t;
      |                      ~~    ^
conftest.c:150:55: warning: address of array 'y' will always evaluate to 'true' [-Wpointer-bool-conversion]
  150 |                      + !q + !r + !u + !v + !w + !x + !y + !z + !pt
      |                                                      ~^
conftest.c:150:50: warning: address of array 'x' will always evaluate to 'true' [-Wpointer-bool-conversion]
  150 |                      + !q + !r + !u + !v + !w + !x + !y + !z + !pt
      |                                                 ~^
conftest.c:150:45: warning: address of array 'w' will always evaluate to 'true' [-Wpointer-bool-conversion]
  150 |                      + !q + !r + !u + !v + !w + !x + !y + !z + !pt
      |                                            ~^
conftest.c:150:40: warning: address of array 'v' will always evaluate to 'true' [-Wpointer-bool-conversion]
  150 |                      + !q + !r + !u + !v + !w + !x + !y + !z + !pt
      |                                       ~^
conftest.c:150:35: warning: address of array 'u' will always evaluate to 'true' [-Wpointer-bool-conversion]
  150 |                      + !q + !r + !u + !v + !w + !x + !y + !z + !pt
      |                                  ~^
conftest.c:150:30: warning: address of array 'r' will always evaluate to 'true' [-Wpointer-bool-conversion]
  150 |                      + !q + !r + !u + !v + !w + !x + !y + !z + !pt
      |                             ~^
conftest.c:150:25: warning: address of array 'q' will always evaluate to 'true' [-Wpointer-bool-conversion]
  150 |                      + !q + !r + !u + !v + !w + !x + !y + !z + !pt
      |                        ~^
conftest.c:148:40: warning: address of array 'o' will always evaluate to 'true' [-Wpointer-bool-conversion]
  148 |                      + !l + !m + !n + !o + !p + !pp + !ps
      |                                       ~^
conftest.c:148:35: warning: address of array 'n' will always evaluate to 'true' [-Wpointer-bool-conversion]
  148 |                      + !l + !m + !n + !o + !p + !pp + !ps
      |                                  ~^
conftest.c:148:30: warning: address of array 'm' will always evaluate to 'true' [-Wpointer-bool-conversion]
  148 |                      + !l + !m + !n + !o + !p + !pp + !ps
      |                             ~^
conftest.c:148:25: warning: address of array 'l' will always evaluate to 'true' [-Wpointer-bool-conversion]
  148 |                      + !l + !m + !n + !o + !p + !pp + !ps
      |                        ~^
conftest.c:147:73: warning: address of array 'k' will always evaluate to 'true' [-Wpointer-bool-conversion]
  147 |              return (!a + !b + !c + !d + !e + !f + !g + !h + !i + !j + !k
      |                                                                        ~^
conftest.c:147:68: warning: address of array 'j' will always evaluate to 'true' [-Wpointer-bool-conversion]
  147 |              return (!a + !b + !c + !d + !e + !f + !g + !h + !i + !j + !k
      |                                                                   ~^
conftest.c:147:63: warning: address of array 'i' will always evaluate to 'true' [-Wpointer-bool-conversion]
  147 |              return (!a + !b + !c + !d + !e + !f + !g + !h + !i + !j + !k
      |                                                              ~^
conftest.c:147:38: warning: address of array 'd' will always evaluate to 'true' [-Wpointer-bool-conversion]
  147 |              return (!a + !b + !c + !d + !e + !f + !g + !h + !i + !j + !k
      |                                     ~^
conftest.c:147:33: warning: address of array 'c' will always evaluate to 'true' [-Wpointer-bool-conversion]
  147 |              return (!a + !b + !c + !d + !e + !f + !g + !h + !i + !j + !k
      |                                ~^
conftest.c:147:28: warning: address of array 'b' will always evaluate to 'true' [-Wpointer-bool-conversion]
  147 |              return (!a + !b + !c + !d + !e + !f + !g + !h + !i + !j + !k
      |                           ~^
conftest.c:147:23: warning: address of array 'a' will always evaluate to 'true' [-Wpointer-bool-conversion]
  147 |              return (!a + !b + !c + !d + !e + !f + !g + !h + !i + !j + !k
      |                      ~^
20 warnings generated.
configure:6150: $? = 0
configure:6158: result: yes
configure:6167: checking for stdnoreturn.h
configure:6167: /home/arnab/Aflplusplus/AFLplusplus/afl-clang-fast -c -g -O2 -std=c17 -Werror=unknown-warning-option -fwrapv -ftrivial-auto-var-init=zero -U__STRICT_ANSI__ -fno-common  conftest.c >&5
configure:6167: $? = 0
configure:6167: result: yes
configure:6174: checking for io.h
configure:6174: /home/arnab/Aflplusplus/AFLplusplus/afl-clang-fast -c -g -O2 -std=c17 -Werror=unknown-warning-option -fwrapv -ftrivial-auto-var-init=zero -U__STRICT_ANSI__ -fno-common  conftest.c >&5
conftest.c:82:10: fatal error: 'io.h' file not found
   82 | #include <io.h>
      |          ^~~~~~
1 error generated.
configure:6174: $? = 1
configure: failed program was:
| /* confdefs.h */
| #define PACKAGE_NAME ""
| #define PACKAGE_TARNAME ""
| #define PACKAGE_VERSION ""
| #define PACKAGE_STRING ""
| #define PACKAGE_BUGREPORT ""
| #define PACKAGE_URL ""
| #define HAVE_STDIO_H 1
| #define HAVE_STDLIB_H 1
| #define HAVE_STRING_H 1
| #define HAVE_INTTYPES_H 1
| #define HAVE_STDINT_H 1
| #define HAVE_STRINGS_H 1
| #define HAVE_SYS_STAT_H 1
| #define HAVE_SYS_TYPES_H 1
| #define HAVE_UNISTD_H 1
| #define HAVE_WCHAR_H 1
| #define HAVE_SYS_PARAM_H 1
| #define STDC_HEADERS 1
| #define _ALL_SOURCE 1
| #define _DARWIN_C_SOURCE 1
| #define _GNU_SOURCE 1
| #define _HPUX_ALT_XOPEN_SOCKET_API 1
| #define _NETBSD_SOURCE 1
| #define _OPENBSD_SOURCE 1
| #define _POSIX_PTHREAD_SEMANTICS 1
| #define __STDC_WANT_IEC_60559_ATTRIBS_EXT__ 1
| #define __STDC_WANT_IEC_60559_BFP_EXT__ 1
| #define __STDC_WANT_IEC_60559_DFP_EXT__ 1
| #define __STDC_WANT_IEC_60559_FUNCS_EXT__ 1
| #define __STDC_WANT_IEC_60559_TYPES_EXT__ 1
| #define __STDC_WANT_LIB_EXT2__ 1
| #define __STDC_WANT_MATH_SPEC_FUNCS__ 1
| #define _TANDEM_SOURCE 1
| #define __EXTENSIONS__ 1
| #define CFLAGS_STD_C17 1
| #define WORDS_LITTLEENDIAN 1
| #define CFLAGS_WERROR_UNKNOWN_WARNING_OPTION 1
| #define CFLAGS_FWRAPV 1
| #define CFLAGS_FTRIVIAL_AUTO_VAR_INIT_ZERO 1
| #define CFLAGS_U_STRICT_ANSI 1
| #define CFLAGS_FNO_COMMON 1
| #define restrict __restrict__
| #define HAVE_STRING_H 1
| #define HAVE_STDARG_H 1
| #define HAVE_INTTYPES_H 1
| #define HAVE_STRINGS_H 1
| #define HAVE__BOOL 1
| #define HAVE_STDBOOL_H 1
| #define HAVE_STDNORETURN_H 1
| /* end confdefs.h.  */
| #include <stddef.h>
| #ifdef HAVE_STDIO_H
| # include <stdio.h>
| #endif
| #ifdef HAVE_STDLIB_H
| # include <stdlib.h>
| #endif
| #ifdef HAVE_STRING_H
| # include <string.h>
| #endif
| #ifdef HAVE_INTTYPES_H
| # include <inttypes.h>
| #endif
| #ifdef HAVE_STDINT_H
| # include <stdint.h>
| #endif
| #ifdef HAVE_STRINGS_H
| # include <strings.h>
| #endif
| #ifdef HAVE_SYS_TYPES_H
| # include <sys/types.h>
| #endif
| #ifdef HAVE_SYS_STAT_H
| # include <sys/stat.h>
| #endif
| #ifdef HAVE_UNISTD_H
| # include <unistd.h>
| #endif
| #include <string.h>
| #include <stdarg.h>
| #include <io.h>
configure:6174: result: no
configure:6181: checking for fcntl.h
configure:6181: /home/arnab/Aflplusplus/AFLplusplus/afl-clang-fast -c -g -O2 -std=c17 -Werror=unknown-warning-option -fwrapv -ftrivial-auto-var-init=zero -U__STRICT_ANSI__ -fno-common  conftest.c >&5
configure:6181: $? = 0
configure:6181: result: yes
configure:6188: checking for unistd.h
configure:6188: result: yes
configure:6195: checking for sys/mman.h
configure:6195: /home/arnab/Aflplusplus/AFLplusplus/afl-clang-fast -c -g -O2 -std=c17 -Werror=unknown-warning-option -fwrapv -ftrivial-auto-var-init=zero -U__STRICT_ANSI__ -fno-common  conftest.c >&5
configure:6195: $? = 0
configure:6195: result: yes
configure:6202: checking for sys/types.h
configure:6202: result: yes
configure:6209: checking for sys/stat.h
configure:6209: result: yes
configure:6216: checking for sys/resource.h
configure:6216: /home/arnab/Aflplusplus/AFLplusplus/afl-clang-fast -c -g -O2 -std=c17 -Werror=unknown-warning-option -fwrapv -ftrivial-auto-var-init=zero -U__STRICT_ANSI__ -fno-common  conftest.c >&5
configure:6216: $? = 0
configure:6216: result: yes
configure:6224: checking for strcasecmp
configure:6224: /home/arnab/Aflplusplus/AFLplusplus/afl-clang-fast -o conftest -g -O2 -std=c17 -Werror=unknown-warning-option -fwrapv -ftrivial-auto-var-init=zero -U__STRICT_ANSI__ -fno-common   conftest.c  >&5
configure:6224: $? = 0
configure:6224: result: yes
configure:6230: checking for stricmp
configure:6230: /home/arnab/Aflplusplus/AFLplusplus/afl-clang-fast -o conftest -g -O2 -std=c17 -Werror=unknown-warning-option -fwrapv -ftrivial-auto-var-init=zero -U__STRICT_ANSI__ -fno-common   conftest.c  >&5
/usr/bin/ld: /tmp/conftest-9453c2.o: in function `main':
conftest.c:(.text.main[main]+0x10): undefined reference to `stricmp'
clang: error: linker command failed with exit code 1 (use -v to see invocation)
configure:6230: $? = 1
configure: failed program was:
| /* confdefs.h */
| #define PACKAGE_NAME ""
| #define PACKAGE_TARNAME ""
| #define PACKAGE_VERSION ""
| #define PACKAGE_STRING ""
| #define PACKAGE_BUGREPORT ""
| #define PACKAGE_URL ""
| #define HAVE_STDIO_H 1
| #define HAVE_STDLIB_H 1
| #define HAVE_STRING_H 1
| #define HAVE_INTTYPES_H 1
| #define HAVE_STDINT_H 1
| #define HAVE_STRINGS_H 1
| #define HAVE_SYS_STAT_H 1
| #define HAVE_SYS_TYPES_H 1
| #define HAVE_UNISTD_H 1
| #define HAVE_WCHAR_H 1
| #define HAVE_SYS_PARAM_H 1
| #define STDC_HEADERS 1
| #define _ALL_SOURCE 1
| #define _DARWIN_C_SOURCE 1
| #define _GNU_SOURCE 1
| #define _HPUX_ALT_XOPEN_SOCKET_API 1
| #define _NETBSD_SOURCE 1
| #define _OPENBSD_SOURCE 1
| #define _POSIX_PTHREAD_SEMANTICS 1
| #define __STDC_WANT_IEC_60559_ATTRIBS_EXT__ 1
| #define __STDC_WANT_IEC_60559_BFP_EXT__ 1
| #define __STDC_WANT_IEC_60559_DFP_EXT__ 1
| #define __STDC_WANT_IEC_60559_FUNCS_EXT__ 1
| #define __STDC_WANT_IEC_60559_TYPES_EXT__ 1
| #define __STDC_WANT_LIB_EXT2__ 1
| #define __STDC_WANT_MATH_SPEC_FUNCS__ 1
| #define _TANDEM_SOURCE 1
| #define __EXTENSIONS__ 1
| #define CFLAGS_STD_C17 1
| #define WORDS_LITTLEENDIAN 1
| #define CFLAGS_WERROR_UNKNOWN_WARNING_OPTION 1
| #define CFLAGS_FWRAPV 1
| #define CFLAGS_FTRIVIAL_AUTO_VAR_INIT_ZERO 1
| #define CFLAGS_U_STRICT_ANSI 1
| #define CFLAGS_FNO_COMMON 1
| #define restrict __restrict__
| #define HAVE_STRING_H 1
| #define HAVE_STDARG_H 1
| #define HAVE_INTTYPES_H 1
| #define HAVE_STRINGS_H 1
| #define HAVE__BOOL 1
| #define HAVE_STDBOOL_H 1
| #define HAVE_STDNORETURN_H 1
| #define HAVE_FCNTL_H 1
| #define HAVE_UNISTD_H 1
| #define HAVE_SYS_MMAN_H 1
| #define HAVE_SYS_TYPES_H 1
| #define HAVE_SYS_STAT_H 1
| #define HAVE_SYS_RESOURCE_H 1
| #define HAVE_STRCASECMP 1
| /* end confdefs.h.  */
| /* Define stricmp to an innocuous variant, in case <limits.h> declares stricmp.
|    For example, HP-UX 11i <limits.h> declares gettimeofday.  */
| #define stricmp innocuous_stricmp
| 
| /* System header to define __stub macros and hopefully few prototypes,
|    which can conflict with char stricmp (); below.  */
| 
| #include <limits.h>
| #undef stricmp
| 
| /* Override any GCC internal prototype to avoid an error.
|    Use char because int might match the return type of a GCC
|    builtin and then its argument prototype would still apply.  */
| #ifdef __cplusplus
| extern "C"
| #endif
| char stricmp ();
| /* The GNU C library defines this for functions which it implements
|     to always fail with ENOSYS.  Some functions are actually named
|     something starting with __ and the normal name is an alias.  */
| #if defined __stub_stricmp || defined __stub___stricmp
| choke me
| #endif
| 
| int
| main (void)
| {
| return stricmp ();
|   ;
|   return 0;
| }
configure:6230: result: no
configure:6237: checking for strncasecmp
configure:6237: /home/arnab/Aflplusplus/AFLplusplus/afl-clang-fast -o conftest -g -O2 -std=c17 -Werror=unknown-warning-option -fwrapv -ftrivial-auto-var-init=zero -U__STRICT_ANSI__ -fno-common   conftest.c  >&5
configure:6237: $? = 0
configure:6237: result: yes
configure:6243: checking for strnicmp
configure:6243: /home/arnab/Aflplusplus/AFLplusplus/afl-clang-fast -o conftest -g -O2 -std=c17 -Werror=unknown-warning-option -fwrapv -ftrivial-auto-var-init=zero -U__STRICT_ANSI__ -fno-common   conftest.c  >&5
/usr/bin/ld: /tmp/conftest-bf7e9e.o: in function `main':
conftest.c:(.text.main[main]+0x10): undefined reference to `strnicmp'
clang: error: linker command failed with exit code 1 (use -v to see invocation)
configure:6243: $? = 1
configure: failed program was:
| /* confdefs.h */
| #define PACKAGE_NAME ""
| #define PACKAGE_TARNAME ""
| #define PACKAGE_VERSION ""
| #define PACKAGE_STRING ""
| #define PACKAGE_BUGREPORT ""
| #define PACKAGE_URL ""
| #define HAVE_STDIO_H 1
| #define HAVE_STDLIB_H 1
| #define HAVE_STRING_H 1
| #define HAVE_INTTYPES_H 1
| #define HAVE_STDINT_H 1
| #define HAVE_STRINGS_H 1
| #define HAVE_SYS_STAT_H 1
| #define HAVE_SYS_TYPES_H 1
| #define HAVE_UNISTD_H 1
| #define HAVE_WCHAR_H 1
| #define HAVE_SYS_PARAM_H 1
| #define STDC_HEADERS 1
| #define _ALL_SOURCE 1
| #define _DARWIN_C_SOURCE 1
| #define _GNU_SOURCE 1
| #define _HPUX_ALT_XOPEN_SOCKET_API 1
| #define _NETBSD_SOURCE 1
| #define _OPENBSD_SOURCE 1
| #define _POSIX_PTHREAD_SEMANTICS 1
| #define __STDC_WANT_IEC_60559_ATTRIBS_EXT__ 1
| #define __STDC_WANT_IEC_60559_BFP_EXT__ 1
| #define __STDC_WANT_IEC_60559_DFP_EXT__ 1
| #define __STDC_WANT_IEC_60559_FUNCS_EXT__ 1
| #define __STDC_WANT_IEC_60559_TYPES_EXT__ 1
| #define __STDC_WANT_LIB_EXT2__ 1
| #define __STDC_WANT_MATH_SPEC_FUNCS__ 1
| #define _TANDEM_SOURCE 1
| #define __EXTENSIONS__ 1
| #define CFLAGS_STD_C17 1
| #define WORDS_LITTLEENDIAN 1
| #define CFLAGS_WERROR_UNKNOWN_WARNING_OPTION 1
| #define CFLAGS_FWRAPV 1
| #define CFLAGS_FTRIVIAL_AUTO_VAR_INIT_ZERO 1
| #define CFLAGS_U_STRICT_ANSI 1
| #define CFLAGS_FNO_COMMON 1
| #define restrict __restrict__
| #define HAVE_STRING_H 1
| #define HAVE_STDARG_H 1
| #define HAVE_INTTYPES_H 1
| #define HAVE_STRINGS_H 1
| #define HAVE__BOOL 1
| #define HAVE_STDBOOL_H 1
| #define HAVE_STDNORETURN_H 1
| #define HAVE_FCNTL_H 1
| #define HAVE_UNISTD_H 1
| #define HAVE_SYS_MMAN_H 1
| #define HAVE_SYS_TYPES_H 1
| #define HAVE_SYS_STAT_H 1
| #define HAVE_SYS_RESOURCE_H 1
| #define HAVE_STRCASECMP 1
| #define HAVE_STRNCASECMP 1
| /* end confdefs.h.  */
| /* Define strnicmp to an innocuous variant, in case <limits.h> declares strnicmp.
|    For example, HP-UX 11i <limits.h> declares gettimeofday.  */
| #define strnicmp innocuous_strnicmp
| 
| /* System header to define __stub macros and hopefully few prototypes,
|    which can conflict with char strnicmp (); below.  */
| 
| #include <limits.h>
| #undef strnicmp
| 
| /* Override any GCC internal prototype to avoid an error.
|    Use char because int might match the return type of a GCC
|    builtin and then its argument prototype would still apply.  */
| #ifdef __cplusplus
| extern "C"
| #endif
| char strnicmp ();
| /* The GNU C library defines this for functions which it implements
|     to always fail with ENOSYS.  Some functions are actually named
|     something starting with __ and the normal name is an alias.  */
| #if defined __stub_strnicmp || defined __stub___strnicmp
| choke me
| #endif
| 
| int
| main (void)
| {
| return strnicmp ();
|   ;
|   return 0;
| }
configure:6243: result: no
configure:6250: checking for strsep
configure:6250: /home/arnab/Aflplusplus/AFLplusplus/afl-clang-fast -o conftest -g -O2 -std=c17 -Werror=unknown-warning-option -fwrapv -ftrivial-auto-var-init=zero -U__STRICT_ANSI__ -fno-common   conftest.c  >&5
configure:6250: $? = 0
configure:6250: result: yes
configure:6257: checking for strnlen
configure:6257: /home/arnab/Aflplusplus/AFLplusplus/afl-clang-fast -o conftest -g -O2 -std=c17 -Werror=unknown-warning-option -fwrapv -ftrivial-auto-var-init=zero -U__STRICT_ANSI__ -fno-common   conftest.c  >&5
configure:6257: $? = 0
configure:6257: result: yes
configure:6264: checking for strrchrnul
configure:6264: /home/arnab/Aflplusplus/AFLplusplus/afl-clang-fast -o conftest -g -O2 -std=c17 -Werror=unknown-warning-option -fwrapv -ftrivial-auto-var-init=zero -U__STRICT_ANSI__ -fno-common   conftest.c  >&5
/usr/bin/ld: /tmp/conftest-c04f3c.o: in function `main':
conftest.c:(.text.main[main]+0x10): undefined reference to `strrchrnul'
clang: error: linker command failed with exit code 1 (use -v to see invocation)
configure:6264: $? = 1
configure: failed program was:
| /* confdefs.h */
| #define PACKAGE_NAME ""
| #define PACKAGE_TARNAME ""
| #define PACKAGE_VERSION ""
| #define PACKAGE_STRING ""
| #define PACKAGE_BUGREPORT ""
| #define PACKAGE_URL ""
| #define HAVE_STDIO_H 1
| #define HAVE_STDLIB_H 1
| #define HAVE_STRING_H 1
| #define HAVE_INTTYPES_H 1
| #define HAVE_STDINT_H 1
| #define HAVE_STRINGS_H 1
| #define HAVE_SYS_STAT_H 1
| #define HAVE_SYS_TYPES_H 1
| #define HAVE_UNISTD_H 1
| #define HAVE_WCHAR_H 1
| #define HAVE_SYS_PARAM_H 1
| #define STDC_HEADERS 1
| #define _ALL_SOURCE 1
| #define _DARWIN_C_SOURCE 1
| #define _GNU_SOURCE 1
| #define _HPUX_ALT_XOPEN_SOCKET_API 1
| #define _NETBSD_SOURCE 1
| #define _OPENBSD_SOURCE 1
| #define _POSIX_PTHREAD_SEMANTICS 1
| #define __STDC_WANT_IEC_60559_ATTRIBS_EXT__ 1
| #define __STDC_WANT_IEC_60559_BFP_EXT__ 1
| #define __STDC_WANT_IEC_60559_DFP_EXT__ 1
| #define __STDC_WANT_IEC_60559_FUNCS_EXT__ 1
| #define __STDC_WANT_IEC_60559_TYPES_EXT__ 1
| #define __STDC_WANT_LIB_EXT2__ 1
| #define __STDC_WANT_MATH_SPEC_FUNCS__ 1
| #define _TANDEM_SOURCE 1
| #define __EXTENSIONS__ 1
| #define CFLAGS_STD_C17 1
| #define WORDS_LITTLEENDIAN 1
| #define CFLAGS_WERROR_UNKNOWN_WARNING_OPTION 1
| #define CFLAGS_FWRAPV 1
| #define CFLAGS_FTRIVIAL_AUTO_VAR_INIT_ZERO 1
| #define CFLAGS_U_STRICT_ANSI 1
| #define CFLAGS_FNO_COMMON 1
| #define restrict __restrict__
| #define HAVE_STRING_H 1
| #define HAVE_STDARG_H 1
| #define HAVE_INTTYPES_H 1
| #define HAVE_STRINGS_H 1
| #define HAVE__BOOL 1
| #define HAVE_STDBOOL_H 1
| #define HAVE_STDNORETURN_H 1
| #define HAVE_FCNTL_H 1
| #define HAVE_UNISTD_H 1
| #define HAVE_SYS_MMAN_H 1
| #define HAVE_SYS_TYPES_H 1
| #define HAVE_SYS_STAT_H 1
| #define HAVE_SYS_RESOURCE_H 1
| #define HAVE_STRCASECMP 1
| #define HAVE_STRNCASECMP 1
| #define HAVE_STRSEP 1
| #define HAVE_STRNLEN 1
| /* end confdefs.h.  */
| /* Define strrchrnul to an innocuous variant, in case <limits.h> declares strrchrnul.
|    For example, HP-UX 11i <limits.h> declares gettimeofday.  */
| #define strrchrnul innocuous_strrchrnul
| 
| /* System header to define __stub macros and hopefully few prototypes,
|    which can conflict with char strrchrnul (); below.  */
| 
| #include <limits.h>
| #undef strrchrnul
| 
| /* Override any GCC internal prototype to avoid an error.
|    Use char because int might match the return type of a GCC
|    builtin and then its argument prototype would still apply.  */
| #ifdef __cplusplus
| extern "C"
| #endif
| char strrchrnul ();
| /* The GNU C library defines this for functions which it implements
|     to always fail with ENOSYS.  Some functions are actually named
|     something starting with __ and the normal name is an alias.  */
| #if defined __stub_strrchrnul || defined __stub___strrchrnul
| choke me
| #endif
| 
| int
| main (void)
| {
| return strrchrnul ();
|   ;
|   return 0;
| }
configure:6264: result: no
configure:6271: checking for iscntrl
configure:6271: /home/arnab/Aflplusplus/AFLplusplus/afl-clang-fast -o conftest -g -O2 -std=c17 -Werror=unknown-warning-option -fwrapv -ftrivial-auto-var-init=zero -U__STRICT_ANSI__ -fno-common   conftest.c  >&5
conftest.c:78:6: warning: incompatible redeclaration of library function 'iscntrl' [-Wincompatible-library-redeclaration]
   78 | char iscntrl ();
      |      ^
conftest.c:78:6: note: 'iscntrl' is a builtin with type 'int (int)'
1 warning generated.
configure:6271: $? = 0
configure:6271: result: yes
configure:6278: checking for isascii
configure:6278: /home/arnab/Aflplusplus/AFLplusplus/afl-clang-fast -o conftest -g -O2 -std=c17 -Werror=unknown-warning-option -fwrapv -ftrivial-auto-var-init=zero -U__STRICT_ANSI__ -fno-common   conftest.c  >&5
configure:6278: $? = 0
configure:6278: result: yes
configure:6285: checking for mempcpy
configure:6285: /home/arnab/Aflplusplus/AFLplusplus/afl-clang-fast -o conftest -g -O2 -std=c17 -Werror=unknown-warning-option -fwrapv -ftrivial-auto-var-init=zero -U__STRICT_ANSI__ -fno-common   conftest.c  >&5
configure:6285: $? = 0
configure:6285: result: yes
configure:6292: checking for mempset
configure:6292: /home/arnab/Aflplusplus/AFLplusplus/afl-clang-fast -o conftest -g -O2 -std=c17 -Werror=unknown-warning-option -fwrapv -ftrivial-auto-var-init=zero -U__STRICT_ANSI__ -fno-common   conftest.c  >&5
/usr/bin/ld: /tmp/conftest-b1aa0a.o: in function `main':
conftest.c:(.text.main[main]+0x10): undefined reference to `mempset'
clang: error: linker command failed with exit code 1 (use -v to see invocation)
configure:6292: $? = 1
configure: failed program was:
| /* confdefs.h */
| #define PACKAGE_NAME ""
| #define PACKAGE_TARNAME ""
| #define PACKAGE_VERSION ""
| #define PACKAGE_STRING ""
| #define PACKAGE_BUGREPORT ""
| #define PACKAGE_URL ""
| #define HAVE_STDIO_H 1
| #define HAVE_STDLIB_H 1
| #define HAVE_STRING_H 1
| #define HAVE_INTTYPES_H 1
| #define HAVE_STDINT_H 1
| #define HAVE_STRINGS_H 1
| #define HAVE_SYS_STAT_H 1
| #define HAVE_SYS_TYPES_H 1
| #define HAVE_UNISTD_H 1
| #define HAVE_WCHAR_H 1
| #define HAVE_SYS_PARAM_H 1
| #define STDC_HEADERS 1
| #define _ALL_SOURCE 1
| #define _DARWIN_C_SOURCE 1
| #define _GNU_SOURCE 1
| #define _HPUX_ALT_XOPEN_SOCKET_API 1
| #define _NETBSD_SOURCE 1
| #define _OPENBSD_SOURCE 1
| #define _POSIX_PTHREAD_SEMANTICS 1
| #define __STDC_WANT_IEC_60559_ATTRIBS_EXT__ 1
| #define __STDC_WANT_IEC_60559_BFP_EXT__ 1
| #define __STDC_WANT_IEC_60559_DFP_EXT__ 1
| #define __STDC_WANT_IEC_60559_FUNCS_EXT__ 1
| #define __STDC_WANT_IEC_60559_TYPES_EXT__ 1
| #define __STDC_WANT_LIB_EXT2__ 1
| #define __STDC_WANT_MATH_SPEC_FUNCS__ 1
| #define _TANDEM_SOURCE 1
| #define __EXTENSIONS__ 1
| #define CFLAGS_STD_C17 1
| #define WORDS_LITTLEENDIAN 1
| #define CFLAGS_WERROR_UNKNOWN_WARNING_OPTION 1
| #define CFLAGS_FWRAPV 1
| #define CFLAGS_FTRIVIAL_AUTO_VAR_INIT_ZERO 1
| #define CFLAGS_U_STRICT_ANSI 1
| #define CFLAGS_FNO_COMMON 1
| #define restrict __restrict__
| #define HAVE_STRING_H 1
| #define HAVE_STDARG_H 1
| #define HAVE_INTTYPES_H 1
| #define HAVE_STRINGS_H 1
| #define HAVE__BOOL 1
| #define HAVE_STDBOOL_H 1
| #define HAVE_STDNORETURN_H 1
| #define HAVE_FCNTL_H 1
| #define HAVE_UNISTD_H 1
| #define HAVE_SYS_MMAN_H 1
| #define HAVE_SYS_TYPES_H 1
| #define HAVE_SYS_STAT_H 1
| #define HAVE_SYS_RESOURCE_H 1
| #define HAVE_STRCASECMP 1
| #define HAVE_STRNCASECMP 1
| #define HAVE_STRSEP 1
| #define HAVE_STRNLEN 1
| #define HAVE_ISCNTRL 1
| #define HAVE_ISASCII 1
| #define HAVE_MEMPCPY 1
| /* end confdefs.h.  */
| /* Define mempset to an innocuous variant, in case <limits.h> declares mempset.
|    For example, HP-UX 11i <limits.h> declares gettimeofday.  */
| #define mempset innocuous_mempset
| 
| /* System header to define __stub macros and hopefully few prototypes,
|    which can conflict with char mempset (); below.  */
| 
| #include <limits.h>
| #undef mempset
| 
| /* Override any GCC internal prototype to avoid an error.
|    Use char because int might match the return type of a GCC
|    builtin and then its argument prototype would still apply.  */
| #ifdef __cplusplus
| extern "C"
| #endif
| char mempset ();
| /* The GNU C library defines this for functions which it implements
|     to always fail with ENOSYS.  Some functions are actually named
|     something starting with __ and the normal name is an alias.  */
| #if defined __stub_mempset || defined __stub___mempset
| choke me
| #endif
| 
| int
| main (void)
| {
| return mempset ();
|   ;
|   return 0;
| }
configure:6292: result: no
configure:6300: checking for getuid
configure:6300: /home/arnab/Aflplusplus/AFLplusplus/afl-clang-fast -o conftest -g -O2 -std=c17 -Werror=unknown-warning-option -fwrapv -ftrivial-auto-var-init=zero -U__STRICT_ANSI__ -fno-common   conftest.c  >&5
configure:6300: $? = 0
configure:6300: result: yes
configure:6307: checking for getgid
configure:6307: /home/arnab/Aflplusplus/AFLplusplus/afl-clang-fast -o conftest -g -O2 -std=c17 -Werror=unknown-warning-option -fwrapv -ftrivial-auto-var-init=zero -U__STRICT_ANSI__ -fno-common   conftest.c  >&5
configure:6307: $? = 0
configure:6307: result: yes
configure:6314: checking for getrlimit
configure:6314: /home/arnab/Aflplusplus/AFLplusplus/afl-clang-fast -o conftest -g -O2 -std=c17 -Werror=unknown-warning-option -fwrapv -ftrivial-auto-var-init=zero -U__STRICT_ANSI__ -fno-common   conftest.c  >&5
configure:6314: $? = 0
configure:6314: result: yes
configure:6322: checking for realpath
configure:6322: /home/arnab/Aflplusplus/AFLplusplus/afl-clang-fast -o conftest -g -O2 -std=c17 -Werror=unknown-warning-option -fwrapv -ftrivial-auto-var-init=zero -U__STRICT_ANSI__ -fno-common   conftest.c  >&5
configure:6322: $? = 0
configure:6322: result: yes
configure:6329: checking for canonicalize_file_name
configure:6329: /home/arnab/Aflplusplus/AFLplusplus/afl-clang-fast -o conftest -g -O2 -std=c17 -Werror=unknown-warning-option -fwrapv -ftrivial-auto-var-init=zero -U__STRICT_ANSI__ -fno-common   conftest.c  >&5
configure:6329: $? = 0
configure:6329: result: yes
configure:6336: checking for _fullpath
configure:6336: /home/arnab/Aflplusplus/AFLplusplus/afl-clang-fast -o conftest -g -O2 -std=c17 -Werror=unknown-warning-option -fwrapv -ftrivial-auto-var-init=zero -U__STRICT_ANSI__ -fno-common   conftest.c  >&5
/usr/bin/ld: /tmp/conftest-cd4e67.o: in function `main':
conftest.c:(.text.main[main]+0x10): undefined reference to `_fullpath'
clang: error: linker command failed with exit code 1 (use -v to see invocation)
configure:6336: $? = 1
configure: failed program was:
| /* confdefs.h */
| #define PACKAGE_NAME ""
| #define PACKAGE_TARNAME ""
| #define PACKAGE_VERSION ""
| #define PACKAGE_STRING ""
| #define PACKAGE_BUGREPORT ""
| #define PACKAGE_URL ""
| #define HAVE_STDIO_H 1
| #define HAVE_STDLIB_H 1
| #define HAVE_STRING_H 1
| #define HAVE_INTTYPES_H 1
| #define HAVE_STDINT_H 1
| #define HAVE_STRINGS_H 1
| #define HAVE_SYS_STAT_H 1
| #define HAVE_SYS_TYPES_H 1
| #define HAVE_UNISTD_H 1
| #define HAVE_WCHAR_H 1
| #define HAVE_SYS_PARAM_H 1
| #define STDC_HEADERS 1
| #define _ALL_SOURCE 1
| #define _DARWIN_C_SOURCE 1
| #define _GNU_SOURCE 1
| #define _HPUX_ALT_XOPEN_SOCKET_API 1
| #define _NETBSD_SOURCE 1
| #define _OPENBSD_SOURCE 1
| #define _POSIX_PTHREAD_SEMANTICS 1
| #define __STDC_WANT_IEC_60559_ATTRIBS_EXT__ 1
| #define __STDC_WANT_IEC_60559_BFP_EXT__ 1
| #define __STDC_WANT_IEC_60559_DFP_EXT__ 1
| #define __STDC_WANT_IEC_60559_FUNCS_EXT__ 1
| #define __STDC_WANT_IEC_60559_TYPES_EXT__ 1
| #define __STDC_WANT_LIB_EXT2__ 1
| #define __STDC_WANT_MATH_SPEC_FUNCS__ 1
| #define _TANDEM_SOURCE 1
| #define __EXTENSIONS__ 1
| #define CFLAGS_STD_C17 1
| #define WORDS_LITTLEENDIAN 1
| #define CFLAGS_WERROR_UNKNOWN_WARNING_OPTION 1
| #define CFLAGS_FWRAPV 1
| #define CFLAGS_FTRIVIAL_AUTO_VAR_INIT_ZERO 1
| #define CFLAGS_U_STRICT_ANSI 1
| #define CFLAGS_FNO_COMMON 1
| #define restrict __restrict__
| #define HAVE_STRING_H 1
| #define HAVE_STDARG_H 1
| #define HAVE_INTTYPES_H 1
| #define HAVE_STRINGS_H 1
| #define HAVE__BOOL 1
| #define HAVE_STDBOOL_H 1
| #define HAVE_STDNORETURN_H 1
| #define HAVE_FCNTL_H 1
| #define HAVE_UNISTD_H 1
| #define HAVE_SYS_MMAN_H 1
| #define HAVE_SYS_TYPES_H 1
| #define HAVE_SYS_STAT_H 1
| #define HAVE_SYS_RESOURCE_H 1
| #define HAVE_STRCASECMP 1
| #define HAVE_STRNCASECMP 1
| #define HAVE_STRSEP 1
| #define HAVE_STRNLEN 1
| #define HAVE_ISCNTRL 1
| #define HAVE_ISASCII 1
| #define HAVE_MEMPCPY 1
| #define HAVE_GETUID 1
| #define HAVE_GETGID 1
| #define HAVE_GETRLIMIT 1
| #define HAVE_REALPATH 1
| #define HAVE_CANONICALIZE_FILE_NAME 1
| /* end confdefs.h.  */
| /* Define _fullpath to an innocuous variant, in case <limits.h> declares _fullpath.
|    For example, HP-UX 11i <limits.h> declares gettimeofday.  */
| #define _fullpath innocuous__fullpath
| 
| /* System header to define __stub macros and hopefully few prototypes,
|    which can conflict with char _fullpath (); below.  */
| 
| #include <limits.h>
| #undef _fullpath
| 
| /* Override any GCC internal prototype to avoid an error.
|    Use char because int might match the return type of a GCC
|    builtin and then its argument prototype would still apply.  */
| #ifdef __cplusplus
| extern "C"
| #endif
| char _fullpath ();
| /* The GNU C library defines this for functions which it implements
|     to always fail with ENOSYS.  Some functions are actually named
|     something starting with __ and the normal name is an alias.  */
| #if defined __stub__fullpath || defined __stub____fullpath
| choke me
| #endif
| 
| int
| main (void)
| {
| return _fullpath ();
|   ;
|   return 0;
| }
configure:6336: result: no
configure:6343: checking for pathconf
configure:6343: /home/arnab/Aflplusplus/AFLplusplus/afl-clang-fast -o conftest -g -O2 -std=c17 -Werror=unknown-warning-option -fwrapv -ftrivial-auto-var-init=zero -U__STRICT_ANSI__ -fno-common   conftest.c  >&5
configure:6343: $? = 0
configure:6343: result: yes
configure:6351: checking for _LARGEFILE_SOURCE value needed for large files
configure:6371: /home/arnab/Aflplusplus/AFLplusplus/afl-clang-fast -o conftest -g -O2 -std=c17 -Werror=unknown-warning-option -fwrapv -ftrivial-auto-var-init=zero -U__STRICT_ANSI__ -fno-common   conftest.c  >&5
configure:6371: $? = 0
configure:6401: result: no
configure:6420: checking for _fseeki64
configure:6420: /home/arnab/Aflplusplus/AFLplusplus/afl-clang-fast -o conftest -g -O2 -std=c17 -Werror=unknown-warning-option -fwrapv -ftrivial-auto-var-init=zero -U__STRICT_ANSI__ -fno-common   conftest.c  >&5
/usr/bin/ld: /tmp/conftest-b805c6.o: in function `main':
conftest.c:(.text.main[main]+0x10): undefined reference to `_fseeki64'
clang: error: linker command failed with exit code 1 (use -v to see invocation)
configure:6420: $? = 1
configure: failed program was:
| /* confdefs.h */
| #define PACKAGE_NAME ""
| #define PACKAGE_TARNAME ""
| #define PACKAGE_VERSION ""
| #define PACKAGE_STRING ""
| #define PACKAGE_BUGREPORT ""
| #define PACKAGE_URL ""
| #define HAVE_STDIO_H 1
| #define HAVE_STDLIB_H 1
| #define HAVE_STRING_H 1
| #define HAVE_INTTYPES_H 1
| #define HAVE_STDINT_H 1
| #define HAVE_STRINGS_H 1
| #define HAVE_SYS_STAT_H 1
| #define HAVE_SYS_TYPES_H 1
| #define HAVE_UNISTD_H 1
| #define HAVE_WCHAR_H 1
| #define HAVE_SYS_PARAM_H 1
| #define STDC_HEADERS 1
| #define _ALL_SOURCE 1
| #define _DARWIN_C_SOURCE 1
| #define _GNU_SOURCE 1
| #define _HPUX_ALT_XOPEN_SOCKET_API 1
| #define _NETBSD_SOURCE 1
| #define _OPENBSD_SOURCE 1
| #define _POSIX_PTHREAD_SEMANTICS 1
| #define __STDC_WANT_IEC_60559_ATTRIBS_EXT__ 1
| #define __STDC_WANT_IEC_60559_BFP_EXT__ 1
| #define __STDC_WANT_IEC_60559_DFP_EXT__ 1
| #define __STDC_WANT_IEC_60559_FUNCS_EXT__ 1
| #define __STDC_WANT_IEC_60559_TYPES_EXT__ 1
| #define __STDC_WANT_LIB_EXT2__ 1
| #define __STDC_WANT_MATH_SPEC_FUNCS__ 1
| #define _TANDEM_SOURCE 1
| #define __EXTENSIONS__ 1
| #define CFLAGS_STD_C17 1
| #define WORDS_LITTLEENDIAN 1
| #define CFLAGS_WERROR_UNKNOWN_WARNING_OPTION 1
| #define CFLAGS_FWRAPV 1
| #define CFLAGS_FTRIVIAL_AUTO_VAR_INIT_ZERO 1
| #define CFLAGS_U_STRICT_ANSI 1
| #define CFLAGS_FNO_COMMON 1
| #define restrict __restrict__
| #define HAVE_STRING_H 1
| #define HAVE_STDARG_H 1
| #define HAVE_INTTYPES_H 1
| #define HAVE_STRINGS_H 1
| #define HAVE__BOOL 1
| #define HAVE_STDBOOL_H 1
| #define HAVE_STDNORETURN_H 1
| #define HAVE_FCNTL_H 1
| #define HAVE_UNISTD_H 1
| #define HAVE_SYS_MMAN_H 1
| #define HAVE_SYS_TYPES_H 1
| #define HAVE_SYS_STAT_H 1
| #define HAVE_SYS_RESOURCE_H 1
| #define HAVE_STRCASECMP 1
| #define HAVE_STRNCASECMP 1
| #define HAVE_STRSEP 1
| #define HAVE_STRNLEN 1
| #define HAVE_ISCNTRL 1
| #define HAVE_ISASCII 1
| #define HAVE_MEMPCPY 1
| #define HAVE_GETUID 1
| #define HAVE_GETGID 1
| #define HAVE_GETRLIMIT 1
| #define HAVE_REALPATH 1
| #define HAVE_CANONICALIZE_FILE_NAME 1
| #define HAVE_PATHCONF 1
| #define HAVE_FSEEKO 1
| /* end confdefs.h.  */
| /* Define _fseeki64 to an innocuous variant, in case <limits.h> declares _fseeki64.
|    For example, HP-UX 11i <limits.h> declares gettimeofday.  */
| #define _fseeki64 innocuous__fseeki64
| 
| /* System header to define __stub macros and hopefully few prototypes,
|    which can conflict with char _fseeki64 (); below.  */
| 
| #include <limits.h>
| #undef _fseeki64
| 
| /* Override any GCC internal prototype to avoid an error.
|    Use char because int might match the return type of a GCC
|    builtin and then its argument prototype would still apply.  */
| #ifdef __cplusplus
| extern "C"
| #endif
| char _fseeki64 ();
| /* The GNU C library defines this for functions which it implements
|     to always fail with ENOSYS.  Some functions are actually named
|     something starting with __ and the normal name is an alias.  */
| #if defined __stub__fseeki64 || defined __stub____fseeki64
| choke me
| #endif
| 
| int
| main (void)
| {
| return _fseeki64 ();
|   ;
|   return 0;
| }
configure:6420: result: no
configure:6427: checking for ftruncate
configure:6427: /home/arnab/Aflplusplus/AFLplusplus/afl-clang-fast -o conftest -g -O2 -std=c17 -Werror=unknown-warning-option -fwrapv -ftrivial-auto-var-init=zero -U__STRICT_ANSI__ -fno-common   conftest.c  >&5
configure:6427: $? = 0
configure:6427: result: yes
configure:6433: checking for _chsize
configure:6433: /home/arnab/Aflplusplus/AFLplusplus/afl-clang-fast -o conftest -g -O2 -std=c17 -Werror=unknown-warning-option -fwrapv -ftrivial-auto-var-init=zero -U__STRICT_ANSI__ -fno-common   conftest.c  >&5
/usr/bin/ld: /tmp/conftest-d0b551.o: in function `main':
conftest.c:(.text.main[main]+0x10): undefined reference to `_chsize'
clang: error: linker command failed with exit code 1 (use -v to see invocation)
configure:6433: $? = 1
configure: failed program was:
| /* confdefs.h */
| #define PACKAGE_NAME ""
| #define PACKAGE_TARNAME ""
| #define PACKAGE_VERSION ""
| #define PACKAGE_STRING ""
| #define PACKAGE_BUGREPORT ""
| #define PACKAGE_URL ""
| #define HAVE_STDIO_H 1
| #define HAVE_STDLIB_H 1
| #define HAVE_STRING_H 1
| #define HAVE_INTTYPES_H 1
| #define HAVE_STDINT_H 1
| #define HAVE_STRINGS_H 1
| #define HAVE_SYS_STAT_H 1
| #define HAVE_SYS_TYPES_H 1
| #define HAVE_UNISTD_H 1
| #define HAVE_WCHAR_H 1
| #define HAVE_SYS_PARAM_H 1
| #define STDC_HEADERS 1
| #define _ALL_SOURCE 1
| #define _DARWIN_C_SOURCE 1
| #define _GNU_SOURCE 1
| #define _HPUX_ALT_XOPEN_SOCKET_API 1
| #define _NETBSD_SOURCE 1
| #define _OPENBSD_SOURCE 1
| #define _POSIX_PTHREAD_SEMANTICS 1
| #define __STDC_WANT_IEC_60559_ATTRIBS_EXT__ 1
| #define __STDC_WANT_IEC_60559_BFP_EXT__ 1
| #define __STDC_WANT_IEC_60559_DFP_EXT__ 1
| #define __STDC_WANT_IEC_60559_FUNCS_EXT__ 1
| #define __STDC_WANT_IEC_60559_TYPES_EXT__ 1
| #define __STDC_WANT_LIB_EXT2__ 1
| #define __STDC_WANT_MATH_SPEC_FUNCS__ 1
| #define _TANDEM_SOURCE 1
| #define __EXTENSIONS__ 1
| #define CFLAGS_STD_C17 1
| #define WORDS_LITTLEENDIAN 1
| #define CFLAGS_WERROR_UNKNOWN_WARNING_OPTION 1
| #define CFLAGS_FWRAPV 1
| #define CFLAGS_FTRIVIAL_AUTO_VAR_INIT_ZERO 1
| #define CFLAGS_U_STRICT_ANSI 1
| #define CFLAGS_FNO_COMMON 1
| #define restrict __restrict__
| #define HAVE_STRING_H 1
| #define HAVE_STDARG_H 1
| #define HAVE_INTTYPES_H 1
| #define HAVE_STRINGS_H 1
| #define HAVE__BOOL 1
| #define HAVE_STDBOOL_H 1
| #define HAVE_STDNORETURN_H 1
| #define HAVE_FCNTL_H 1
| #define HAVE_UNISTD_H 1
| #define HAVE_SYS_MMAN_H 1
| #define HAVE_SYS_TYPES_H 1
| #define HAVE_SYS_STAT_H 1
| #define HAVE_SYS_RESOURCE_H 1
| #define HAVE_STRCASECMP 1
| #define HAVE_STRNCASECMP 1
| #define HAVE_STRSEP 1
| #define HAVE_STRNLEN 1
| #define HAVE_ISCNTRL 1
| #define HAVE_ISASCII 1
| #define HAVE_MEMPCPY 1
| #define HAVE_GETUID 1
| #define HAVE_GETGID 1
| #define HAVE_GETRLIMIT 1
| #define HAVE_REALPATH 1
| #define HAVE_CANONICALIZE_FILE_NAME 1
| #define HAVE_PATHCONF 1
| #define HAVE_FSEEKO 1
| #define HAVE_FTRUNCATE 1
| /* end confdefs.h.  */
| /* Define _chsize to an innocuous variant, in case <limits.h> declares _chsize.
|    For example, HP-UX 11i <limits.h> declares gettimeofday.  */
| #define _chsize innocuous__chsize
| 
| /* System header to define __stub macros and hopefully few prototypes,
|    which can conflict with char _chsize (); below.  */
| 
| #include <limits.h>
| #undef _chsize
| 
| /* Override any GCC internal prototype to avoid an error.
|    Use char because int might match the return type of a GCC
|    builtin and then its argument prototype would still apply.  */
| #ifdef __cplusplus
| extern "C"
| #endif
| char _chsize ();
| /* The GNU C library defines this for functions which it implements
|     to always fail with ENOSYS.  Some functions are actually named
|     something starting with __ and the normal name is an alias.  */
| #if defined __stub__chsize || defined __stub____chsize
| choke me
| #endif
| 
| int
| main (void)
| {
| return _chsize ();
|   ;
|   return 0;
| }
configure:6433: result: no
configure:6439: checking for _chsize_s
configure:6439: /home/arnab/Aflplusplus/AFLplusplus/afl-clang-fast -o conftest -g -O2 -std=c17 -Werror=unknown-warning-option -fwrapv -ftrivial-auto-var-init=zero -U__STRICT_ANSI__ -fno-common   conftest.c  >&5
/usr/bin/ld: /tmp/conftest-3aa35b.o: in function `main':
conftest.c:(.text.main[main]+0x10): undefined reference to `_chsize_s'
clang: error: linker command failed with exit code 1 (use -v to see invocation)
configure:6439: $? = 1
configure: failed program was:
| /* confdefs.h */
| #define PACKAGE_NAME ""
| #define PACKAGE_TARNAME ""
| #define PACKAGE_VERSION ""
| #define PACKAGE_STRING ""
| #define PACKAGE_BUGREPORT ""
| #define PACKAGE_URL ""
| #define HAVE_STDIO_H 1
| #define HAVE_STDLIB_H 1
| #define HAVE_STRING_H 1
| #define HAVE_INTTYPES_H 1
| #define HAVE_STDINT_H 1
| #define HAVE_STRINGS_H 1
| #define HAVE_SYS_STAT_H 1
| #define HAVE_SYS_TYPES_H 1
| #define HAVE_UNISTD_H 1
| #define HAVE_WCHAR_H 1
| #define HAVE_SYS_PARAM_H 1
| #define STDC_HEADERS 1
| #define _ALL_SOURCE 1
| #define _DARWIN_C_SOURCE 1
| #define _GNU_SOURCE 1
| #define _HPUX_ALT_XOPEN_SOCKET_API 1
| #define _NETBSD_SOURCE 1
| #define _OPENBSD_SOURCE 1
| #define _POSIX_PTHREAD_SEMANTICS 1
| #define __STDC_WANT_IEC_60559_ATTRIBS_EXT__ 1
| #define __STDC_WANT_IEC_60559_BFP_EXT__ 1
| #define __STDC_WANT_IEC_60559_DFP_EXT__ 1
| #define __STDC_WANT_IEC_60559_FUNCS_EXT__ 1
| #define __STDC_WANT_IEC_60559_TYPES_EXT__ 1
| #define __STDC_WANT_LIB_EXT2__ 1
| #define __STDC_WANT_MATH_SPEC_FUNCS__ 1
| #define _TANDEM_SOURCE 1
| #define __EXTENSIONS__ 1
| #define CFLAGS_STD_C17 1
| #define WORDS_LITTLEENDIAN 1
| #define CFLAGS_WERROR_UNKNOWN_WARNING_OPTION 1
| #define CFLAGS_FWRAPV 1
| #define CFLAGS_FTRIVIAL_AUTO_VAR_INIT_ZERO 1
| #define CFLAGS_U_STRICT_ANSI 1
| #define CFLAGS_FNO_COMMON 1
| #define restrict __restrict__
| #define HAVE_STRING_H 1
| #define HAVE_STDARG_H 1
| #define HAVE_INTTYPES_H 1
| #define HAVE_STRINGS_H 1
| #define HAVE__BOOL 1
| #define HAVE_STDBOOL_H 1
| #define HAVE_STDNORETURN_H 1
| #define HAVE_FCNTL_H 1
| #define HAVE_UNISTD_H 1
| #define HAVE_SYS_MMAN_H 1
| #define HAVE_SYS_TYPES_H 1
| #define HAVE_SYS_STAT_H 1
| #define HAVE_SYS_RESOURCE_H 1
| #define HAVE_STRCASECMP 1
| #define HAVE_STRNCASECMP 1
| #define HAVE_STRSEP 1
| #define HAVE_STRNLEN 1
| #define HAVE_ISCNTRL 1
| #define HAVE_ISASCII 1
| #define HAVE_MEMPCPY 1
| #define HAVE_GETUID 1
| #define HAVE_GETGID 1
| #define HAVE_GETRLIMIT 1
| #define HAVE_REALPATH 1
| #define HAVE_CANONICALIZE_FILE_NAME 1
| #define HAVE_PATHCONF 1
| #define HAVE_FSEEKO 1
| #define HAVE_FTRUNCATE 1
| /* end confdefs.h.  */
| /* Define _chsize_s to an innocuous variant, in case <limits.h> declares _chsize_s.
|    For example, HP-UX 11i <limits.h> declares gettimeofday.  */
| #define _chsize_s innocuous__chsize_s
| 
| /* System header to define __stub macros and hopefully few prototypes,
|    which can conflict with char _chsize_s (); below.  */
| 
| #include <limits.h>
| #undef _chsize_s
| 
| /* Override any GCC internal prototype to avoid an error.
|    Use char because int might match the return type of a GCC
|    builtin and then its argument prototype would still apply.  */
| #ifdef __cplusplus
| extern "C"
| #endif
| char _chsize_s ();
| /* The GNU C library defines this for functions which it implements
|     to always fail with ENOSYS.  Some functions are actually named
|     something starting with __ and the normal name is an alias.  */
| #if defined __stub__chsize_s || defined __stub____chsize_s
| choke me
| #endif
| 
| int
| main (void)
| {
| return _chsize_s ();
|   ;
|   return 0;
| }
configure:6439: result: no
configure:6446: checking for fileno
configure:6446: /home/arnab/Aflplusplus/AFLplusplus/afl-clang-fast -o conftest -g -O2 -std=c17 -Werror=unknown-warning-option -fwrapv -ftrivial-auto-var-init=zero -U__STRICT_ANSI__ -fno-common   conftest.c  >&5
configure:6446: $? = 0
configure:6446: result: yes
configure:6452: checking for _fileno
configure:6452: /home/arnab/Aflplusplus/AFLplusplus/afl-clang-fast -o conftest -g -O2 -std=c17 -Werror=unknown-warning-option -fwrapv -ftrivial-auto-var-init=zero -U__STRICT_ANSI__ -fno-common   conftest.c  >&5
/usr/bin/ld: /tmp/conftest-dedd06.o: in function `main':
conftest.c:(.text.main[main]+0x10): undefined reference to `_fileno'
clang: error: linker command failed with exit code 1 (use -v to see invocation)
configure:6452: $? = 1
configure: failed program was:
| /* confdefs.h */
| #define PACKAGE_NAME ""
| #define PACKAGE_TARNAME ""
| #define PACKAGE_VERSION ""
| #define PACKAGE_STRING ""
| #define PACKAGE_BUGREPORT ""
| #define PACKAGE_URL ""
| #define HAVE_STDIO_H 1
| #define HAVE_STDLIB_H 1
| #define HAVE_STRING_H 1
| #define HAVE_INTTYPES_H 1
| #define HAVE_STDINT_H 1
| #define HAVE_STRINGS_H 1
| #define HAVE_SYS_STAT_H 1
| #define HAVE_SYS_TYPES_H 1
| #define HAVE_UNISTD_H 1
| #define HAVE_WCHAR_H 1
| #define HAVE_SYS_PARAM_H 1
| #define STDC_HEADERS 1
| #define _ALL_SOURCE 1
| #define _DARWIN_C_SOURCE 1
| #define _GNU_SOURCE 1
| #define _HPUX_ALT_XOPEN_SOCKET_API 1
| #define _NETBSD_SOURCE 1
| #define _OPENBSD_SOURCE 1
| #define _POSIX_PTHREAD_SEMANTICS 1
| #define __STDC_WANT_IEC_60559_ATTRIBS_EXT__ 1
| #define __STDC_WANT_IEC_60559_BFP_EXT__ 1
| #define __STDC_WANT_IEC_60559_DFP_EXT__ 1
| #define __STDC_WANT_IEC_60559_FUNCS_EXT__ 1
| #define __STDC_WANT_IEC_60559_TYPES_EXT__ 1
| #define __STDC_WANT_LIB_EXT2__ 1
| #define __STDC_WANT_MATH_SPEC_FUNCS__ 1
| #define _TANDEM_SOURCE 1
| #define __EXTENSIONS__ 1
| #define CFLAGS_STD_C17 1
| #define WORDS_LITTLEENDIAN 1
| #define CFLAGS_WERROR_UNKNOWN_WARNING_OPTION 1
| #define CFLAGS_FWRAPV 1
| #define CFLAGS_FTRIVIAL_AUTO_VAR_INIT_ZERO 1
| #define CFLAGS_U_STRICT_ANSI 1
| #define CFLAGS_FNO_COMMON 1
| #define restrict __restrict__
| #define HAVE_STRING_H 1
| #define HAVE_STDARG_H 1
| #define HAVE_INTTYPES_H 1
| #define HAVE_STRINGS_H 1
| #define HAVE__BOOL 1
| #define HAVE_STDBOOL_H 1
| #define HAVE_STDNORETURN_H 1
| #define HAVE_FCNTL_H 1
| #define HAVE_UNISTD_H 1
| #define HAVE_SYS_MMAN_H 1
| #define HAVE_SYS_TYPES_H 1
| #define HAVE_SYS_STAT_H 1
| #define HAVE_SYS_RESOURCE_H 1
| #define HAVE_STRCASECMP 1
| #define HAVE_STRNCASECMP 1
| #define HAVE_STRSEP 1
| #define HAVE_STRNLEN 1
| #define HAVE_ISCNTRL 1
| #define HAVE_ISASCII 1
| #define HAVE_MEMPCPY 1
| #define HAVE_GETUID 1
| #define HAVE_GETGID 1
| #define HAVE_GETRLIMIT 1
| #define HAVE_REALPATH 1
| #define HAVE_CANONICALIZE_FILE_NAME 1
| #define HAVE_PATHCONF 1
| #define HAVE_FSEEKO 1
| #define HAVE_FTRUNCATE 1
| #define HAVE_FILENO 1
| /* end confdefs.h.  */
| /* Define _fileno to an innocuous variant, in case <limits.h> declares _fileno.
|    For example, HP-UX 11i <limits.h> declares gettimeofday.  */
| #define _fileno innocuous__fileno
| 
| /* System header to define __stub macros and hopefully few prototypes,
|    which can conflict with char _fileno (); below.  */
| 
| #include <limits.h>
| #undef _fileno
| 
| /* Override any GCC internal prototype to avoid an error.
|    Use char because int might match the return type of a GCC
|    builtin and then its argument prototype would still apply.  */
| #ifdef __cplusplus
| extern "C"
| #endif
| char _fileno ();
| /* The GNU C library defines this for functions which it implements
|     to always fail with ENOSYS.  Some functions are actually named
|     something starting with __ and the normal name is an alias.  */
| #if defined __stub__fileno || defined __stub____fileno
| choke me
| #endif
| 
| int
| main (void)
| {
| return _fileno ();
|   ;
|   return 0;
| }
configure:6452: result: no
configure:6465: checking for getpagesize
configure:6465: /home/arnab/Aflplusplus/AFLplusplus/afl-clang-fast -o conftest -g -O2 -std=c17 -Werror=unknown-warning-option -fwrapv -ftrivial-auto-var-init=zero -U__STRICT_ANSI__ -fno-common   conftest.c  >&5
configure:6465: $? = 0
configure:6465: result: yes
configure:6476: checking for working mmap
configure:6628: /home/arnab/Aflplusplus/AFLplusplus/afl-clang-fast -o conftest -g -O2 -std=c17 -Werror=unknown-warning-option -fwrapv -ftrivial-auto-var-init=zero -U__STRICT_ANSI__ -fno-common   conftest.c  >&5
configure:6628: $? = 0
configure:6628: ./conftest
configure:6628: $? = 0
configure:6639: result: yes
configure:6648: checking for getpagesize
configure:6648: result: yes
configure:6655: checking for sysconf
configure:6655: /home/arnab/Aflplusplus/AFLplusplus/afl-clang-fast -o conftest -g -O2 -std=c17 -Werror=unknown-warning-option -fwrapv -ftrivial-auto-var-init=zero -U__STRICT_ANSI__ -fno-common   conftest.c  >&5
configure:6655: $? = 0
configure:6655: result: yes
configure:6663: checking for access
configure:6663: /home/arnab/Aflplusplus/AFLplusplus/afl-clang-fast -o conftest -g -O2 -std=c17 -Werror=unknown-warning-option -fwrapv -ftrivial-auto-var-init=zero -U__STRICT_ANSI__ -fno-common   conftest.c  >&5
configure:6663: $? = 0
configure:6663: result: yes
configure:6669: checking for _access
configure:6669: /home/arnab/Aflplusplus/AFLplusplus/afl-clang-fast -o conftest -g -O2 -std=c17 -Werror=unknown-warning-option -fwrapv -ftrivial-auto-var-init=zero -U__STRICT_ANSI__ -fno-common   conftest.c  >&5
/usr/bin/ld: /tmp/conftest-5f15ce.o: in function `main':
conftest.c:(.text.main[main]+0x10): undefined reference to `_access'
clang: error: linker command failed with exit code 1 (use -v to see invocation)
configure:6669: $? = 1
configure: failed program was:
| /* confdefs.h */
| #define PACKAGE_NAME ""
| #define PACKAGE_TARNAME ""
| #define PACKAGE_VERSION ""
| #define PACKAGE_STRING ""
| #define PACKAGE_BUGREPORT ""
| #define PACKAGE_URL ""
| #define HAVE_STDIO_H 1
| #define HAVE_STDLIB_H 1
| #define HAVE_STRING_H 1
| #define HAVE_INTTYPES_H 1
| #define HAVE_STDINT_H 1
| #define HAVE_STRINGS_H 1
| #define HAVE_SYS_STAT_H 1
| #define HAVE_SYS_TYPES_H 1
| #define HAVE_UNISTD_H 1
| #define HAVE_WCHAR_H 1
| #define HAVE_SYS_PARAM_H 1
| #define STDC_HEADERS 1
| #define _ALL_SOURCE 1
| #define _DARWIN_C_SOURCE 1
| #define _GNU_SOURCE 1
| #define _HPUX_ALT_XOPEN_SOCKET_API 1
| #define _NETBSD_SOURCE 1
| #define _OPENBSD_SOURCE 1
| #define _POSIX_PTHREAD_SEMANTICS 1
| #define __STDC_WANT_IEC_60559_ATTRIBS_EXT__ 1
| #define __STDC_WANT_IEC_60559_BFP_EXT__ 1
| #define __STDC_WANT_IEC_60559_DFP_EXT__ 1
| #define __STDC_WANT_IEC_60559_FUNCS_EXT__ 1
| #define __STDC_WANT_IEC_60559_TYPES_EXT__ 1
| #define __STDC_WANT_LIB_EXT2__ 1
| #define __STDC_WANT_MATH_SPEC_FUNCS__ 1
| #define _TANDEM_SOURCE 1
| #define __EXTENSIONS__ 1
| #define CFLAGS_STD_C17 1
| #define WORDS_LITTLEENDIAN 1
| #define CFLAGS_WERROR_UNKNOWN_WARNING_OPTION 1
| #define CFLAGS_FWRAPV 1
| #define CFLAGS_FTRIVIAL_AUTO_VAR_INIT_ZERO 1
| #define CFLAGS_U_STRICT_ANSI 1
| #define CFLAGS_FNO_COMMON 1
| #define restrict __restrict__
| #define HAVE_STRING_H 1
| #define HAVE_STDARG_H 1
| #define HAVE_INTTYPES_H 1
| #define HAVE_STRINGS_H 1
| #define HAVE__BOOL 1
| #define HAVE_STDBOOL_H 1
| #define HAVE_STDNORETURN_H 1
| #define HAVE_FCNTL_H 1
| #define HAVE_UNISTD_H 1
| #define HAVE_SYS_MMAN_H 1
| #define HAVE_SYS_TYPES_H 1
| #define HAVE_SYS_STAT_H 1
| #define HAVE_SYS_RESOURCE_H 1
| #define HAVE_STRCASECMP 1
| #define HAVE_STRNCASECMP 1
| #define HAVE_STRSEP 1
| #define HAVE_STRNLEN 1
| #define HAVE_ISCNTRL 1
| #define HAVE_ISASCII 1
| #define HAVE_MEMPCPY 1
| #define HAVE_GETUID 1
| #define HAVE_GETGID 1
| #define HAVE_GETRLIMIT 1
| #define HAVE_REALPATH 1
| #define HAVE_CANONICALIZE_FILE_NAME 1
| #define HAVE_PATHCONF 1
| #define HAVE_FSEEKO 1
| #define HAVE_FTRUNCATE 1
| #define HAVE_FILENO 1
| #define HAVE_GETPAGESIZE 1
| #define HAVE_MMAP 1
| #define HAVE_GETPAGESIZE 1
| #define HAVE_SYSCONF 1
| #define HAVE_ACCESS 1
| /* end confdefs.h.  */
| /* Define _access to an innocuous variant, in case <limits.h> declares _access.
|    For example, HP-UX 11i <limits.h> declares gettimeofday.  */
| #define _access innocuous__access
| 
| /* System header to define __stub macros and hopefully few prototypes,
|    which can conflict with char _access (); below.  */
| 
| #include <limits.h>
| #undef _access
| 
| /* Override any GCC internal prototype to avoid an error.
|    Use char because int might match the return type of a GCC
|    builtin and then its argument prototype would still apply.  */
| #ifdef __cplusplus
| extern "C"
| #endif
| char _access ();
| /* The GNU C library defines this for functions which it implements
|     to always fail with ENOSYS.  Some functions are actually named
|     something starting with __ and the normal name is an alias.  */
| #if defined __stub__access || defined __stub____access
| choke me
| #endif
| 
| int
| main (void)
| {
| return _access ();
|   ;
|   return 0;
| }
configure:6669: result: no
configure:6675: checking for faccessat
configure:6675: /home/arnab/Aflplusplus/AFLplusplus/afl-clang-fast -o conftest -g -O2 -std=c17 -Werror=unknown-warning-option -fwrapv -ftrivial-auto-var-init=zero -U__STRICT_ANSI__ -fno-common   conftest.c  >&5
configure:6675: $? = 0
configure:6675: result: yes
configure:6683: checking for __builtin_expect
configure:6695: /home/arnab/Aflplusplus/AFLplusplus/afl-clang-fast -o conftest -g -O2 -std=c17 -Werror=unknown-warning-option -fwrapv -ftrivial-auto-var-init=zero -U__STRICT_ANSI__ -fno-common   conftest.c  >&5
configure:6695: $? = 0
configure:6697: result: yes
configure:6712: checking for intrin.h
configure:6712: /home/arnab/Aflplusplus/AFLplusplus/afl-clang-fast -c -g -O2 -std=c17 -Werror=unknown-warning-option -fwrapv -ftrivial-auto-var-init=zero -U__STRICT_ANSI__ -fno-common  conftest.c >&5
In file included from conftest.c:111:
/usr/lib/llvm-18/lib/clang/18/include/intrin.h:12:15: fatal error: 'intrin.h' file not found
   12 | #include_next <intrin.h>
      |               ^~~~~~~~~~
1 error generated.
configure:6712: $? = 1
configure: failed program was:
| /* confdefs.h */
| #define PACKAGE_NAME ""
| #define PACKAGE_TARNAME ""
| #define PACKAGE_VERSION ""
| #define PACKAGE_STRING ""
| #define PACKAGE_BUGREPORT ""
| #define PACKAGE_URL ""
| #define HAVE_STDIO_H 1
| #define HAVE_STDLIB_H 1
| #define HAVE_STRING_H 1
| #define HAVE_INTTYPES_H 1
| #define HAVE_STDINT_H 1
| #define HAVE_STRINGS_H 1
| #define HAVE_SYS_STAT_H 1
| #define HAVE_SYS_TYPES_H 1
| #define HAVE_UNISTD_H 1
| #define HAVE_WCHAR_H 1
| #define HAVE_SYS_PARAM_H 1
| #define STDC_HEADERS 1
| #define _ALL_SOURCE 1
| #define _DARWIN_C_SOURCE 1
| #define _GNU_SOURCE 1
| #define _HPUX_ALT_XOPEN_SOCKET_API 1
| #define _NETBSD_SOURCE 1
| #define _OPENBSD_SOURCE 1
| #define _POSIX_PTHREAD_SEMANTICS 1
| #define __STDC_WANT_IEC_60559_ATTRIBS_EXT__ 1
| #define __STDC_WANT_IEC_60559_BFP_EXT__ 1
| #define __STDC_WANT_IEC_60559_DFP_EXT__ 1
| #define __STDC_WANT_IEC_60559_FUNCS_EXT__ 1
| #define __STDC_WANT_IEC_60559_TYPES_EXT__ 1
| #define __STDC_WANT_LIB_EXT2__ 1
| #define __STDC_WANT_MATH_SPEC_FUNCS__ 1
| #define _TANDEM_SOURCE 1
| #define __EXTENSIONS__ 1
| #define CFLAGS_STD_C17 1
| #define WORDS_LITTLEENDIAN 1
| #define CFLAGS_WERROR_UNKNOWN_WARNING_OPTION 1
| #define CFLAGS_FWRAPV 1
| #define CFLAGS_FTRIVIAL_AUTO_VAR_INIT_ZERO 1
| #define CFLAGS_U_STRICT_ANSI 1
| #define CFLAGS_FNO_COMMON 1
| #define restrict __restrict__
| #define HAVE_STRING_H 1
| #define HAVE_STDARG_H 1
| #define HAVE_INTTYPES_H 1
| #define HAVE_STRINGS_H 1
| #define HAVE__BOOL 1
| #define HAVE_STDBOOL_H 1
| #define HAVE_STDNORETURN_H 1
| #define HAVE_FCNTL_H 1
| #define HAVE_UNISTD_H 1
| #define HAVE_SYS_MMAN_H 1
| #define HAVE_SYS_TYPES_H 1
| #define HAVE_SYS_STAT_H 1
| #define HAVE_SYS_RESOURCE_H 1
| #define HAVE_STRCASECMP 1
| #define HAVE_STRNCASECMP 1
| #define HAVE_STRSEP 1
| #define HAVE_STRNLEN 1
| #define HAVE_ISCNTRL 1
| #define HAVE_ISASCII 1
| #define HAVE_MEMPCPY 1
| #define HAVE_GETUID 1
| #define HAVE_GETGID 1
| #define HAVE_GETRLIMIT 1
| #define HAVE_REALPATH 1
| #define HAVE_CANONICALIZE_FILE_NAME 1
| #define HAVE_PATHCONF 1
| #define HAVE_FSEEKO 1
| #define HAVE_FTRUNCATE 1
| #define HAVE_FILENO 1
| #define HAVE_GETPAGESIZE 1
| #define HAVE_MMAP 1
| #define HAVE_GETPAGESIZE 1
| #define HAVE_SYSCONF 1
| #define HAVE_ACCESS 1
| #define HAVE_FACCESSAT 1
| #define HAVE___BUILTIN_EXPECT 1
| /* end confdefs.h.  */
| #include <stddef.h>
| #ifdef HAVE_STDIO_H
| # include <stdio.h>
| #endif
| #ifdef HAVE_STDLIB_H
| # include <stdlib.h>
| #endif
| #ifdef HAVE_STRING_H
| # include <string.h>
| #endif
| #ifdef HAVE_INTTYPES_H
| # include <inttypes.h>
| #endif
| #ifdef HAVE_STDINT_H
| # include <stdint.h>
| #endif
| #ifdef HAVE_STRINGS_H
| # include <strings.h>
| #endif
| #ifdef HAVE_SYS_TYPES_H
| # include <sys/types.h>
| #endif
| #ifdef HAVE_SYS_STAT_H
| # include <sys/stat.h>
| #endif
| #ifdef HAVE_UNISTD_H
| # include <unistd.h>
| #endif
| #include <string.h>
| #include <stdarg.h>
| #include <intrin.h>
configure:6712: result: no
configure:6723: checking for __builtin_clz
configure:6735: /home/arnab/Aflplusplus/AFLplusplus/afl-clang-fast -o conftest -g -O2 -std=c17 -Werror=unknown-warning-option -fwrapv -ftrivial-auto-var-init=zero -U__STRICT_ANSI__ -fno-common   conftest.c  >&5
configure:6735: $? = 0
configure:6737: result: yes
configure:6749: checking for __builtin_clzl
configure:6761: /home/arnab/Aflplusplus/AFLplusplus/afl-clang-fast -o conftest -g -O2 -std=c17 -Werror=unknown-warning-option -fwrapv -ftrivial-auto-var-init=zero -U__STRICT_ANSI__ -fno-common   conftest.c  >&5
configure:6761: $? = 0
configure:6763: result: yes
configure:6775: checking for __builtin_clzll
configure:6787: /home/arnab/Aflplusplus/AFLplusplus/afl-clang-fast -o conftest -g -O2 -std=c17 -Werror=unknown-warning-option -fwrapv -ftrivial-auto-var-init=zero -U__STRICT_ANSI__ -fno-common   conftest.c  >&5
configure:6787: $? = 0
configure:6789: result: yes
configure:6801: checking for _BitScanReverse
configure:6813: /home/arnab/Aflplusplus/AFLplusplus/afl-clang-fast -o conftest -g -O2 -std=c17 -Werror=unknown-warning-option -fwrapv -ftrivial-auto-var-init=zero -U__STRICT_ANSI__ -fno-common   conftest.c  >&5
conftest.c:116:11: error: call to undeclared function '_BitScanReverse'; ISO C99 and later do not support implicit function declarations [-Wimplicit-function-declaration]
  116 |     (void)_BitScanReverse(0);
      |           ^
1 error generated.
configure:6813: $? = 1
configure: failed program was:
| /* confdefs.h */
| #define PACKAGE_NAME ""
| #define PACKAGE_TARNAME ""
| #define PACKAGE_VERSION ""
| #define PACKAGE_STRING ""
| #define PACKAGE_BUGREPORT ""
| #define PACKAGE_URL ""
| #define HAVE_STDIO_H 1
| #define HAVE_STDLIB_H 1
| #define HAVE_STRING_H 1
| #define HAVE_INTTYPES_H 1
| #define HAVE_STDINT_H 1
| #define HAVE_STRINGS_H 1
| #define HAVE_SYS_STAT_H 1
| #define HAVE_SYS_TYPES_H 1
| #define HAVE_UNISTD_H 1
| #define HAVE_WCHAR_H 1
| #define HAVE_SYS_PARAM_H 1
| #define STDC_HEADERS 1
| #define _ALL_SOURCE 1
| #define _DARWIN_C_SOURCE 1
| #define _GNU_SOURCE 1
| #define _HPUX_ALT_XOPEN_SOCKET_API 1
| #define _NETBSD_SOURCE 1
| #define _OPENBSD_SOURCE 1
| #define _POSIX_PTHREAD_SEMANTICS 1
| #define __STDC_WANT_IEC_60559_ATTRIBS_EXT__ 1
| #define __STDC_WANT_IEC_60559_BFP_EXT__ 1
| #define __STDC_WANT_IEC_60559_DFP_EXT__ 1
| #define __STDC_WANT_IEC_60559_FUNCS_EXT__ 1
| #define __STDC_WANT_IEC_60559_TYPES_EXT__ 1
| #define __STDC_WANT_LIB_EXT2__ 1
| #define __STDC_WANT_MATH_SPEC_FUNCS__ 1
| #define _TANDEM_SOURCE 1
| #define __EXTENSIONS__ 1
| #define CFLAGS_STD_C17 1
| #define WORDS_LITTLEENDIAN 1
| #define CFLAGS_WERROR_UNKNOWN_WARNING_OPTION 1
| #define CFLAGS_FWRAPV 1
| #define CFLAGS_FTRIVIAL_AUTO_VAR_INIT_ZERO 1
| #define CFLAGS_U_STRICT_ANSI 1
| #define CFLAGS_FNO_COMMON 1
| #define restrict __restrict__
| #define HAVE_STRING_H 1
| #define HAVE_STDARG_H 1
| #define HAVE_INTTYPES_H 1
| #define HAVE_STRINGS_H 1
| #define HAVE__BOOL 1
| #define HAVE_STDBOOL_H 1
| #define HAVE_STDNORETURN_H 1
| #define HAVE_FCNTL_H 1
| #define HAVE_UNISTD_H 1
| #define HAVE_SYS_MMAN_H 1
| #define HAVE_SYS_TYPES_H 1
| #define HAVE_SYS_STAT_H 1
| #define HAVE_SYS_RESOURCE_H 1
| #define HAVE_STRCASECMP 1
| #define HAVE_STRNCASECMP 1
| #define HAVE_STRSEP 1
| #define HAVE_STRNLEN 1
| #define HAVE_ISCNTRL 1
| #define HAVE_ISASCII 1
| #define HAVE_MEMPCPY 1
| #define HAVE_GETUID 1
| #define HAVE_GETGID 1
| #define HAVE_GETRLIMIT 1
| #define HAVE_REALPATH 1
| #define HAVE_CANONICALIZE_FILE_NAME 1
| #define HAVE_PATHCONF 1
| #define HAVE_FSEEKO 1
| #define HAVE_FTRUNCATE 1
| #define HAVE_FILENO 1
| #define HAVE_GETPAGESIZE 1
| #define HAVE_MMAP 1
| #define HAVE_GETPAGESIZE 1
| #define HAVE_SYSCONF 1
| #define HAVE_ACCESS 1
| #define HAVE_FACCESSAT 1
| #define HAVE___BUILTIN_EXPECT 1
| #define HAVE___BUILTIN_CLZ 1
| #define HAVE___BUILTIN_CLZL 1
| #define HAVE___BUILTIN_CLZLL 1
| /* end confdefs.h.  */
| 
| #include <stddef.h>
| #ifdef HAVE_STDIO_H
| # include <stdio.h>
| #endif
| #ifdef HAVE_STDLIB_H
| # include <stdlib.h>
| #endif
| #ifdef HAVE_STRING_H
| # include <string.h>
| #endif
| #ifdef HAVE_INTTYPES_H
| # include <inttypes.h>
| #endif
| #ifdef HAVE_STDINT_H
| # include <stdint.h>
| #endif
| #ifdef HAVE_STRINGS_H
| # include <strings.h>
| #endif
| #ifdef HAVE_SYS_TYPES_H
| # include <sys/types.h>
| #endif
| #ifdef HAVE_SYS_STAT_H
| # include <sys/stat.h>
| #endif
| #ifdef HAVE_UNISTD_H
| # include <unistd.h>
| #endif
| #include <string.h>
| #include <stdarg.h>
| int main(void) {
|     (void)_BitScanReverse(0);
|     return 0;
| }
| 
configure:6821: result: no
configure:6827: checking for _BitScanReverse64
configure:6839: /home/arnab/Aflplusplus/AFLplusplus/afl-clang-fast -o conftest -g -O2 -std=c17 -Werror=unknown-warning-option -fwrapv -ftrivial-auto-var-init=zero -U__STRICT_ANSI__ -fno-common   conftest.c  >&5
conftest.c:116:11: error: call to undeclared function '_BitScanReverse64'; ISO C99 and later do not support implicit function declarations [-Wimplicit-function-declaration]
  116 |     (void)_BitScanReverse64(0);
      |           ^
1 error generated.
configure:6839: $? = 1
configure: failed program was:
| /* confdefs.h */
| #define PACKAGE_NAME ""
| #define PACKAGE_TARNAME ""
| #define PACKAGE_VERSION ""
| #define PACKAGE_STRING ""
| #define PACKAGE_BUGREPORT ""
| #define PACKAGE_URL ""
| #define HAVE_STDIO_H 1
| #define HAVE_STDLIB_H 1
| #define HAVE_STRING_H 1
| #define HAVE_INTTYPES_H 1
| #define HAVE_STDINT_H 1
| #define HAVE_STRINGS_H 1
| #define HAVE_SYS_STAT_H 1
| #define HAVE_SYS_TYPES_H 1
| #define HAVE_UNISTD_H 1
| #define HAVE_WCHAR_H 1
| #define HAVE_SYS_PARAM_H 1
| #define STDC_HEADERS 1
| #define _ALL_SOURCE 1
| #define _DARWIN_C_SOURCE 1
| #define _GNU_SOURCE 1
| #define _HPUX_ALT_XOPEN_SOCKET_API 1
| #define _NETBSD_SOURCE 1
| #define _OPENBSD_SOURCE 1
| #define _POSIX_PTHREAD_SEMANTICS 1
| #define __STDC_WANT_IEC_60559_ATTRIBS_EXT__ 1
| #define __STDC_WANT_IEC_60559_BFP_EXT__ 1
| #define __STDC_WANT_IEC_60559_DFP_EXT__ 1
| #define __STDC_WANT_IEC_60559_FUNCS_EXT__ 1
| #define __STDC_WANT_IEC_60559_TYPES_EXT__ 1
| #define __STDC_WANT_LIB_EXT2__ 1
| #define __STDC_WANT_MATH_SPEC_FUNCS__ 1
| #define _TANDEM_SOURCE 1
| #define __EXTENSIONS__ 1
| #define CFLAGS_STD_C17 1
| #define WORDS_LITTLEENDIAN 1
| #define CFLAGS_WERROR_UNKNOWN_WARNING_OPTION 1
| #define CFLAGS_FWRAPV 1
| #define CFLAGS_FTRIVIAL_AUTO_VAR_INIT_ZERO 1
| #define CFLAGS_U_STRICT_ANSI 1
| #define CFLAGS_FNO_COMMON 1
| #define restrict __restrict__
| #define HAVE_STRING_H 1
| #define HAVE_STDARG_H 1
| #define HAVE_INTTYPES_H 1
| #define HAVE_STRINGS_H 1
| #define HAVE__BOOL 1
| #define HAVE_STDBOOL_H 1
| #define HAVE_STDNORETURN_H 1
| #define HAVE_FCNTL_H 1
| #define HAVE_UNISTD_H 1
| #define HAVE_SYS_MMAN_H 1
| #define HAVE_SYS_TYPES_H 1
| #define HAVE_SYS_STAT_H 1
| #define HAVE_SYS_RESOURCE_H 1
| #define HAVE_STRCASECMP 1
| #define HAVE_STRNCASECMP 1
| #define HAVE_STRSEP 1
| #define HAVE_STRNLEN 1
| #define HAVE_ISCNTRL 1
| #define HAVE_ISASCII 1
| #define HAVE_MEMPCPY 1
| #define HAVE_GETUID 1
| #define HAVE_GETGID 1
| #define HAVE_GETRLIMIT 1
| #define HAVE_REALPATH 1
| #define HAVE_CANONICALIZE_FILE_NAME 1
| #define HAVE_PATHCONF 1
| #define HAVE_FSEEKO 1
| #define HAVE_FTRUNCATE 1
| #define HAVE_FILENO 1
| #define HAVE_GETPAGESIZE 1
| #define HAVE_MMAP 1
| #define HAVE_GETPAGESIZE 1
| #define HAVE_SYSCONF 1
| #define HAVE_ACCESS 1
| #define HAVE_FACCESSAT 1
| #define HAVE___BUILTIN_EXPECT 1
| #define HAVE___BUILTIN_CLZ 1
| #define HAVE___BUILTIN_CLZL 1
| #define HAVE___BUILTIN_CLZLL 1
| /* end confdefs.h.  */
| 
| #include <stddef.h>
| #ifdef HAVE_STDIO_H
| # include <stdio.h>
| #endif
| #ifdef HAVE_STDLIB_H
| # include <stdlib.h>
| #endif
| #ifdef HAVE_STRING_H
| # include <string.h>
| #endif
| #ifdef HAVE_INTTYPES_H
| # include <inttypes.h>
| #endif
| #ifdef HAVE_STDINT_H
| # include <stdint.h>
| #endif
| #ifdef HAVE_STRINGS_H
| # include <strings.h>
| #endif
| #ifdef HAVE_SYS_TYPES_H
| # include <sys/types.h>
| #endif
| #ifdef HAVE_SYS_STAT_H
| # include <sys/stat.h>
| #endif
| #ifdef HAVE_UNISTD_H
| # include <unistd.h>
| #endif
| #include <string.h>
| #include <stdarg.h>
| int main(void) {
|     (void)_BitScanReverse64(0);
|     return 0;
| }
| 
configure:6847: result: no
configure:6854: checking for sprintf
configure:6884: /home/arnab/Aflplusplus/AFLplusplus/afl-clang-fast -o conftest -g -O2 -std=c17 -Werror=unknown-warning-option -fwrapv -ftrivial-auto-var-init=zero -U__STRICT_ANSI__ -fno-common   conftest.c  >&5
configure:6884: $? = 0
configure:6894: result: snprintf
configure:6912: checking for vsnprintf
configure:6953: /home/arnab/Aflplusplus/AFLplusplus/afl-clang-fast -o conftest -g -O2 -std=c17 -Werror=unknown-warning-option -fwrapv -ftrivial-auto-var-init=zero -U__STRICT_ANSI__ -fno-common   conftest.c  >&5
configure:6953: $? = 0
configure:6963: result: vsnprintf
configure:6981: checking for strlcpy
configure:6981: /home/arnab/Aflplusplus/AFLplusplus/afl-clang-fast -o conftest -g -O2 -std=c17 -Werror=unknown-warning-option -fwrapv -ftrivial-auto-var-init=zero -U__STRICT_ANSI__ -fno-common   conftest.c  >&5
/usr/bin/ld: /tmp/conftest-7b9990.o: in function `main':
conftest.c:(.text.main[main]+0x10): undefined reference to `strlcpy'
clang: error: linker command failed with exit code 1 (use -v to see invocation)
configure:6981: $? = 1
configure: failed program was:
| /* confdefs.h */
| #define PACKAGE_NAME ""
| #define PACKAGE_TARNAME ""
| #define PACKAGE_VERSION ""
| #define PACKAGE_STRING ""
| #define PACKAGE_BUGREPORT ""
| #define PACKAGE_URL ""
| #define HAVE_STDIO_H 1
| #define HAVE_STDLIB_H 1
| #define HAVE_STRING_H 1
| #define HAVE_INTTYPES_H 1
| #define HAVE_STDINT_H 1
| #define HAVE_STRINGS_H 1
| #define HAVE_SYS_STAT_H 1
| #define HAVE_SYS_TYPES_H 1
| #define HAVE_UNISTD_H 1
| #define HAVE_WCHAR_H 1
| #define HAVE_SYS_PARAM_H 1
| #define STDC_HEADERS 1
| #define _ALL_SOURCE 1
| #define _DARWIN_C_SOURCE 1
| #define _GNU_SOURCE 1
| #define _HPUX_ALT_XOPEN_SOCKET_API 1
| #define _NETBSD_SOURCE 1
| #define _OPENBSD_SOURCE 1
| #define _POSIX_PTHREAD_SEMANTICS 1
| #define __STDC_WANT_IEC_60559_ATTRIBS_EXT__ 1
| #define __STDC_WANT_IEC_60559_BFP_EXT__ 1
| #define __STDC_WANT_IEC_60559_DFP_EXT__ 1
| #define __STDC_WANT_IEC_60559_FUNCS_EXT__ 1
| #define __STDC_WANT_IEC_60559_TYPES_EXT__ 1
| #define __STDC_WANT_LIB_EXT2__ 1
| #define __STDC_WANT_MATH_SPEC_FUNCS__ 1
| #define _TANDEM_SOURCE 1
| #define __EXTENSIONS__ 1
| #define CFLAGS_STD_C17 1
| #define WORDS_LITTLEENDIAN 1
| #define CFLAGS_WERROR_UNKNOWN_WARNING_OPTION 1
| #define CFLAGS_FWRAPV 1
| #define CFLAGS_FTRIVIAL_AUTO_VAR_INIT_ZERO 1
| #define CFLAGS_U_STRICT_ANSI 1
| #define CFLAGS_FNO_COMMON 1
| #define restrict __restrict__
| #define HAVE_STRING_H 1
| #define HAVE_STDARG_H 1
| #define HAVE_INTTYPES_H 1
| #define HAVE_STRINGS_H 1
| #define HAVE__BOOL 1
| #define HAVE_STDBOOL_H 1
| #define HAVE_STDNORETURN_H 1
| #define HAVE_FCNTL_H 1
| #define HAVE_UNISTD_H 1
| #define HAVE_SYS_MMAN_H 1
| #define HAVE_SYS_TYPES_H 1
| #define HAVE_SYS_STAT_H 1
| #define HAVE_SYS_RESOURCE_H 1
| #define HAVE_STRCASECMP 1
| #define HAVE_STRNCASECMP 1
| #define HAVE_STRSEP 1
| #define HAVE_STRNLEN 1
| #define HAVE_ISCNTRL 1
| #define HAVE_ISASCII 1
| #define HAVE_MEMPCPY 1
| #define HAVE_GETUID 1
| #define HAVE_GETGID 1
| #define HAVE_GETRLIMIT 1
| #define HAVE_REALPATH 1
| #define HAVE_CANONICALIZE_FILE_NAME 1
| #define HAVE_PATHCONF 1
| #define HAVE_FSEEKO 1
| #define HAVE_FTRUNCATE 1
| #define HAVE_FILENO 1
| #define HAVE_GETPAGESIZE 1
| #define HAVE_MMAP 1
| #define HAVE_GETPAGESIZE 1
| #define HAVE_SYSCONF 1
| #define HAVE_ACCESS 1
| #define HAVE_FACCESSAT 1
| #define HAVE___BUILTIN_EXPECT 1
| #define HAVE___BUILTIN_CLZ 1
| #define HAVE___BUILTIN_CLZL 1
| #define HAVE___BUILTIN_CLZLL 1
| #define HAVE_SNPRINTF 1
| #define HAVE_VSNPRINTF 1
| /* end confdefs.h.  */
| /* Define strlcpy to an innocuous variant, in case <limits.h> declares strlcpy.
|    For example, HP-UX 11i <limits.h> declares gettimeofday.  */
| #define strlcpy innocuous_strlcpy
| 
| /* System header to define __stub macros and hopefully few prototypes,
|    which can conflict with char strlcpy (); below.  */
| 
| #include <limits.h>
| #undef strlcpy
| 
| /* Override any GCC internal prototype to avoid an error.
|    Use char because int might match the return type of a GCC
|    builtin and then its argument prototype would still apply.  */
| #ifdef __cplusplus
| extern "C"
| #endif
| char strlcpy ();
| /* The GNU C library defines this for functions which it implements
|     to always fail with ENOSYS.  Some functions are actually named
|     something starting with __ and the normal name is an alias.  */
| #if defined __stub_strlcpy || defined __stub___strlcpy
| choke me
| #endif
| 
| int
| main (void)
| {
| return strlcpy ();
|   ;
|   return 0;
| }
configure:6981: result: no
configure:6988: checking for strrchrnul
configure:6988: result: no
configure:6996: checking for struct _stati64
configure:6996: /home/arnab/Aflplusplus/AFLplusplus/afl-clang-fast -c -g -O2 -std=c17 -Werror=unknown-warning-option -fwrapv -ftrivial-auto-var-init=zero -U__STRICT_ANSI__ -fno-common  conftest.c >&5
conftest.c:119:5: error: invalid application of 'sizeof' to an incomplete type 'struct _stati64'
  119 | if (sizeof (struct _stati64))
      |     ^      ~~~~~~~~~~~~~~~~~
conftest.c:119:20: note: forward declaration of 'struct _stati64'
  119 | if (sizeof (struct _stati64))
      |                    ^
1 error generated.
configure:6996: $? = 1
configure: failed program was:
| /* confdefs.h */
| #define PACKAGE_NAME ""
| #define PACKAGE_TARNAME ""
| #define PACKAGE_VERSION ""
| #define PACKAGE_STRING ""
| #define PACKAGE_BUGREPORT ""
| #define PACKAGE_URL ""
| #define HAVE_STDIO_H 1
| #define HAVE_STDLIB_H 1
| #define HAVE_STRING_H 1
| #define HAVE_INTTYPES_H 1
| #define HAVE_STDINT_H 1
| #define HAVE_STRINGS_H 1
| #define HAVE_SYS_STAT_H 1
| #define HAVE_SYS_TYPES_H 1
| #define HAVE_UNISTD_H 1
| #define HAVE_WCHAR_H 1
| #define HAVE_SYS_PARAM_H 1
| #define STDC_HEADERS 1
| #define _ALL_SOURCE 1
| #define _DARWIN_C_SOURCE 1
| #define _GNU_SOURCE 1
| #define _HPUX_ALT_XOPEN_SOCKET_API 1
| #define _NETBSD_SOURCE 1
| #define _OPENBSD_SOURCE 1
| #define _POSIX_PTHREAD_SEMANTICS 1
| #define __STDC_WANT_IEC_60559_ATTRIBS_EXT__ 1
| #define __STDC_WANT_IEC_60559_BFP_EXT__ 1
| #define __STDC_WANT_IEC_60559_DFP_EXT__ 1
| #define __STDC_WANT_IEC_60559_FUNCS_EXT__ 1
| #define __STDC_WANT_IEC_60559_TYPES_EXT__ 1
| #define __STDC_WANT_LIB_EXT2__ 1
| #define __STDC_WANT_MATH_SPEC_FUNCS__ 1
| #define _TANDEM_SOURCE 1
| #define __EXTENSIONS__ 1
| #define CFLAGS_STD_C17 1
| #define WORDS_LITTLEENDIAN 1
| #define CFLAGS_WERROR_UNKNOWN_WARNING_OPTION 1
| #define CFLAGS_FWRAPV 1
| #define CFLAGS_FTRIVIAL_AUTO_VAR_INIT_ZERO 1
| #define CFLAGS_U_STRICT_ANSI 1
| #define CFLAGS_FNO_COMMON 1
| #define restrict __restrict__
| #define HAVE_STRING_H 1
| #define HAVE_STDARG_H 1
| #define HAVE_INTTYPES_H 1
| #define HAVE_STRINGS_H 1
| #define HAVE__BOOL 1
| #define HAVE_STDBOOL_H 1
| #define HAVE_STDNORETURN_H 1
| #define HAVE_FCNTL_H 1
| #define HAVE_UNISTD_H 1
| #define HAVE_SYS_MMAN_H 1
| #define HAVE_SYS_TYPES_H 1
| #define HAVE_SYS_STAT_H 1
| #define HAVE_SYS_RESOURCE_H 1
| #define HAVE_STRCASECMP 1
| #define HAVE_STRNCASECMP 1
| #define HAVE_STRSEP 1
| #define HAVE_STRNLEN 1
| #define HAVE_ISCNTRL 1
| #define HAVE_ISASCII 1
| #define HAVE_MEMPCPY 1
| #define HAVE_GETUID 1
| #define HAVE_GETGID 1
| #define HAVE_GETRLIMIT 1
| #define HAVE_REALPATH 1
| #define HAVE_CANONICALIZE_FILE_NAME 1
| #define HAVE_PATHCONF 1
| #define HAVE_FSEEKO 1
| #define HAVE_FTRUNCATE 1
| #define HAVE_FILENO 1
| #define HAVE_GETPAGESIZE 1
| #define HAVE_MMAP 1
| #define HAVE_GETPAGESIZE 1
| #define HAVE_SYSCONF 1
| #define HAVE_ACCESS 1
| #define HAVE_FACCESSAT 1
| #define HAVE___BUILTIN_EXPECT 1
| #define HAVE___BUILTIN_CLZ 1
| #define HAVE___BUILTIN_CLZL 1
| #define HAVE___BUILTIN_CLZLL 1
| #define HAVE_SNPRINTF 1
| #define HAVE_VSNPRINTF 1
| /* end confdefs.h.  */
| #include <stddef.h>
| #ifdef HAVE_STDIO_H
| # include <stdio.h>
| #endif
| #ifdef HAVE_STDLIB_H
| # include <stdlib.h>
| #endif
| #ifdef HAVE_STRING_H
| # include <string.h>
| #endif
| #ifdef HAVE_INTTYPES_H
| # include <inttypes.h>
| #endif
| #ifdef HAVE_STDINT_H
| # include <stdint.h>
| #endif
| #ifdef HAVE_STRINGS_H
| # include <strings.h>
| #endif
| #ifdef HAVE_SYS_TYPES_H
| # include <sys/types.h>
| #endif
| #ifdef HAVE_SYS_STAT_H
| # include <sys/stat.h>
| #endif
| #ifdef HAVE_UNISTD_H
| # include <unistd.h>
| #endif
| #include <string.h>
| #include <stdarg.h>
| int
| main (void)
| {
| if (sizeof (struct _stati64))
| 	 return 0;
|   ;
|   return 0;
| }
configure:6996: result: no
configure:7005: checking for struct stat
configure:7005: /home/arnab/Aflplusplus/AFLplusplus/afl-clang-fast -c -g -O2 -std=c17 -Werror=unknown-warning-option -fwrapv -ftrivial-auto-var-init=zero -U__STRICT_ANSI__ -fno-common  conftest.c >&5
configure:7005: $? = 0
configure:7005: /home/arnab/Aflplusplus/AFLplusplus/afl-clang-fast -c -g -O2 -std=c17 -Werror=unknown-warning-option -fwrapv -ftrivial-auto-var-init=zero -U__STRICT_ANSI__ -fno-common  conftest.c >&5
conftest.c:119:26: error: expected expression
  119 | if (sizeof ((struct stat)))
      |                          ^
1 error generated.
configure:7005: $? = 1
configure: failed program was:
| /* confdefs.h */
| #define PACKAGE_NAME ""
| #define PACKAGE_TARNAME ""
| #define PACKAGE_VERSION ""
| #define PACKAGE_STRING ""
| #define PACKAGE_BUGREPORT ""
| #define PACKAGE_URL ""
| #define HAVE_STDIO_H 1
| #define HAVE_STDLIB_H 1
| #define HAVE_STRING_H 1
| #define HAVE_INTTYPES_H 1
| #define HAVE_STDINT_H 1
| #define HAVE_STRINGS_H 1
| #define HAVE_SYS_STAT_H 1
| #define HAVE_SYS_TYPES_H 1
| #define HAVE_UNISTD_H 1
| #define HAVE_WCHAR_H 1
| #define HAVE_SYS_PARAM_H 1
| #define STDC_HEADERS 1
| #define _ALL_SOURCE 1
| #define _DARWIN_C_SOURCE 1
| #define _GNU_SOURCE 1
| #define _HPUX_ALT_XOPEN_SOCKET_API 1
| #define _NETBSD_SOURCE 1
| #define _OPENBSD_SOURCE 1
| #define _POSIX_PTHREAD_SEMANTICS 1
| #define __STDC_WANT_IEC_60559_ATTRIBS_EXT__ 1
| #define __STDC_WANT_IEC_60559_BFP_EXT__ 1
| #define __STDC_WANT_IEC_60559_DFP_EXT__ 1
| #define __STDC_WANT_IEC_60559_FUNCS_EXT__ 1
| #define __STDC_WANT_IEC_60559_TYPES_EXT__ 1
| #define __STDC_WANT_LIB_EXT2__ 1
| #define __STDC_WANT_MATH_SPEC_FUNCS__ 1
| #define _TANDEM_SOURCE 1
| #define __EXTENSIONS__ 1
| #define CFLAGS_STD_C17 1
| #define WORDS_LITTLEENDIAN 1
| #define CFLAGS_WERROR_UNKNOWN_WARNING_OPTION 1
| #define CFLAGS_FWRAPV 1
| #define CFLAGS_FTRIVIAL_AUTO_VAR_INIT_ZERO 1
| #define CFLAGS_U_STRICT_ANSI 1
| #define CFLAGS_FNO_COMMON 1
| #define restrict __restrict__
| #define HAVE_STRING_H 1
| #define HAVE_STDARG_H 1
| #define HAVE_INTTYPES_H 1
| #define HAVE_STRINGS_H 1
| #define HAVE__BOOL 1
| #define HAVE_STDBOOL_H 1
| #define HAVE_STDNORETURN_H 1
| #define HAVE_FCNTL_H 1
| #define HAVE_UNISTD_H 1
| #define HAVE_SYS_MMAN_H 1
| #define HAVE_SYS_TYPES_H 1
| #define HAVE_SYS_STAT_H 1
| #define HAVE_SYS_RESOURCE_H 1
| #define HAVE_STRCASECMP 1
| #define HAVE_STRNCASECMP 1
| #define HAVE_STRSEP 1
| #define HAVE_STRNLEN 1
| #define HAVE_ISCNTRL 1
| #define HAVE_ISASCII 1
| #define HAVE_MEMPCPY 1
| #define HAVE_GETUID 1
| #define HAVE_GETGID 1
| #define HAVE_GETRLIMIT 1
| #define HAVE_REALPATH 1
| #define HAVE_CANONICALIZE_FILE_NAME 1
| #define HAVE_PATHCONF 1
| #define HAVE_FSEEKO 1
| #define HAVE_FTRUNCATE 1
| #define HAVE_FILENO 1
| #define HAVE_GETPAGESIZE 1
| #define HAVE_MMAP 1
| #define HAVE_GETPAGESIZE 1
| #define HAVE_SYSCONF 1
| #define HAVE_ACCESS 1
| #define HAVE_FACCESSAT 1
| #define HAVE___BUILTIN_EXPECT 1
| #define HAVE___BUILTIN_CLZ 1
| #define HAVE___BUILTIN_CLZL 1
| #define HAVE___BUILTIN_CLZLL 1
| #define HAVE_SNPRINTF 1
| #define HAVE_VSNPRINTF 1
| /* end confdefs.h.  */
| #include <stddef.h>
| #ifdef HAVE_STDIO_H
| # include <stdio.h>
| #endif
| #ifdef HAVE_STDLIB_H
| # include <stdlib.h>
| #endif
| #ifdef HAVE_STRING_H
| # include <string.h>
| #endif
| #ifdef HAVE_INTTYPES_H
| # include <inttypes.h>
| #endif
| #ifdef HAVE_STDINT_H
| # include <stdint.h>
| #endif
| #ifdef HAVE_STRINGS_H
| # include <strings.h>
| #endif
| #ifdef HAVE_SYS_TYPES_H
| # include <sys/types.h>
| #endif
| #ifdef HAVE_SYS_STAT_H
| # include <sys/stat.h>
| #endif
| #ifdef HAVE_UNISTD_H
| # include <unistd.h>
| #endif
| #include <string.h>
| #include <stdarg.h>
| int
| main (void)
| {
| if (sizeof ((struct stat)))
| 	    return 0;
|   ;
|   return 0;
| }
configure:7005: result: yes
configure:7014: checking for stat
configure:7014: /home/arnab/Aflplusplus/AFLplusplus/afl-clang-fast -o conftest -g -O2 -std=c17 -Werror=unknown-warning-option -fwrapv -ftrivial-auto-var-init=zero -U__STRICT_ANSI__ -fno-common   conftest.c  >&5
configure:7014: $? = 0
configure:7014: result: yes
configure:7020: checking for _stati64
configure:7020: /home/arnab/Aflplusplus/AFLplusplus/afl-clang-fast -o conftest -g -O2 -std=c17 -Werror=unknown-warning-option -fwrapv -ftrivial-auto-var-init=zero -U__STRICT_ANSI__ -fno-common   conftest.c  >&5
/usr/bin/ld: /tmp/conftest-9e0216.o: in function `main':
conftest.c:(.text.main[main]+0x10): undefined reference to `_stati64'
clang: error: linker command failed with exit code 1 (use -v to see invocation)
configure:7020: $? = 1
configure: failed program was:
| /* confdefs.h */
| #define PACKAGE_NAME ""
| #define PACKAGE_TARNAME ""
| #define PACKAGE_VERSION ""
| #define PACKAGE_STRING ""
| #define PACKAGE_BUGREPORT ""
| #define PACKAGE_URL ""
| #define HAVE_STDIO_H 1
| #define HAVE_STDLIB_H 1
| #define HAVE_STRING_H 1
| #define HAVE_INTTYPES_H 1
| #define HAVE_STDINT_H 1
| #define HAVE_STRINGS_H 1
| #define HAVE_SYS_STAT_H 1
| #define HAVE_SYS_TYPES_H 1
| #define HAVE_UNISTD_H 1
| #define HAVE_WCHAR_H 1
| #define HAVE_SYS_PARAM_H 1
| #define STDC_HEADERS 1
| #define _ALL_SOURCE 1
| #define _DARWIN_C_SOURCE 1
| #define _GNU_SOURCE 1
| #define _HPUX_ALT_XOPEN_SOCKET_API 1
| #define _NETBSD_SOURCE 1
| #define _OPENBSD_SOURCE 1
| #define _POSIX_PTHREAD_SEMANTICS 1
| #define __STDC_WANT_IEC_60559_ATTRIBS_EXT__ 1
| #define __STDC_WANT_IEC_60559_BFP_EXT__ 1
| #define __STDC_WANT_IEC_60559_DFP_EXT__ 1
| #define __STDC_WANT_IEC_60559_FUNCS_EXT__ 1
| #define __STDC_WANT_IEC_60559_TYPES_EXT__ 1
| #define __STDC_WANT_LIB_EXT2__ 1
| #define __STDC_WANT_MATH_SPEC_FUNCS__ 1
| #define _TANDEM_SOURCE 1
| #define __EXTENSIONS__ 1
| #define CFLAGS_STD_C17 1
| #define WORDS_LITTLEENDIAN 1
| #define CFLAGS_WERROR_UNKNOWN_WARNING_OPTION 1
| #define CFLAGS_FWRAPV 1
| #define CFLAGS_FTRIVIAL_AUTO_VAR_INIT_ZERO 1
| #define CFLAGS_U_STRICT_ANSI 1
| #define CFLAGS_FNO_COMMON 1
| #define restrict __restrict__
| #define HAVE_STRING_H 1
| #define HAVE_STDARG_H 1
| #define HAVE_INTTYPES_H 1
| #define HAVE_STRINGS_H 1
| #define HAVE__BOOL 1
| #define HAVE_STDBOOL_H 1
| #define HAVE_STDNORETURN_H 1
| #define HAVE_FCNTL_H 1
| #define HAVE_UNISTD_H 1
| #define HAVE_SYS_MMAN_H 1
| #define HAVE_SYS_TYPES_H 1
| #define HAVE_SYS_STAT_H 1
| #define HAVE_SYS_RESOURCE_H 1
| #define HAVE_STRCASECMP 1
| #define HAVE_STRNCASECMP 1
| #define HAVE_STRSEP 1
| #define HAVE_STRNLEN 1
| #define HAVE_ISCNTRL 1
| #define HAVE_ISASCII 1
| #define HAVE_MEMPCPY 1
| #define HAVE_GETUID 1
| #define HAVE_GETGID 1
| #define HAVE_GETRLIMIT 1
| #define HAVE_REALPATH 1
| #define HAVE_CANONICALIZE_FILE_NAME 1
| #define HAVE_PATHCONF 1
| #define HAVE_FSEEKO 1
| #define HAVE_FTRUNCATE 1
| #define HAVE_FILENO 1
| #define HAVE_GETPAGESIZE 1
| #define HAVE_MMAP 1
| #define HAVE_GETPAGESIZE 1
| #define HAVE_SYSCONF 1
| #define HAVE_ACCESS 1
| #define HAVE_FACCESSAT 1
| #define HAVE___BUILTIN_EXPECT 1
| #define HAVE___BUILTIN_CLZ 1
| #define HAVE___BUILTIN_CLZL 1
| #define HAVE___BUILTIN_CLZLL 1
| #define HAVE_SNPRINTF 1
| #define HAVE_VSNPRINTF 1
| #define HAVE_STRUCT_STAT 1
| #define HAVE_STAT 1
| /* end confdefs.h.  */
| /* Define _stati64 to an innocuous variant, in case <limits.h> declares _stati64.
|    For example, HP-UX 11i <limits.h> declares gettimeofday.  */
| #define _stati64 innocuous__stati64
| 
| /* System header to define __stub macros and hopefully few prototypes,
|    which can conflict with char _stati64 (); below.  */
| 
| #include <limits.h>
| #undef _stati64
| 
| /* Override any GCC internal prototype to avoid an error.
|    Use char because int might match the return type of a GCC
|    builtin and then its argument prototype would still apply.  */
| #ifdef __cplusplus
| extern "C"
| #endif
| char _stati64 ();
| /* The GNU C library defines this for functions which it implements
|     to always fail with ENOSYS.  Some functions are actually named
|     something starting with __ and the normal name is an alias.  */
| #if defined __stub__stati64 || defined __stub____stati64
| choke me
| #endif
| 
| int
| main (void)
| {
| return _stati64 ();
|   ;
|   return 0;
| }
configure:7020: result: no
configure:7027: checking for fstat
configure:7027: /home/arnab/Aflplusplus/AFLplusplus/afl-clang-fast -o conftest -g -O2 -std=c17 -Werror=unknown-warning-option -fwrapv -ftrivial-auto-var-init=zero -U__STRICT_ANSI__ -fno-common   conftest.c  >&5
configure:7027: $? = 0
configure:7027: result: yes
configure:7033: checking for _fstati64
configure:7033: /home/arnab/Aflplusplus/AFLplusplus/afl-clang-fast -o conftest -g -O2 -std=c17 -Werror=unknown-warning-option -fwrapv -ftrivial-auto-var-init=zero -U__STRICT_ANSI__ -fno-common   conftest.c  >&5
/usr/bin/ld: /tmp/conftest-12770c.o: in function `main':
conftest.c:(.text.main[main]+0x10): undefined reference to `_fstati64'
clang: error: linker command failed with exit code 1 (use -v to see invocation)
configure:7033: $? = 1
configure: failed program was:
| /* confdefs.h */
| #define PACKAGE_NAME ""
| #define PACKAGE_TARNAME ""
| #define PACKAGE_VERSION ""
| #define PACKAGE_STRING ""
| #define PACKAGE_BUGREPORT ""
| #define PACKAGE_URL ""
| #define HAVE_STDIO_H 1
| #define HAVE_STDLIB_H 1
| #define HAVE_STRING_H 1
| #define HAVE_INTTYPES_H 1
| #define HAVE_STDINT_H 1
| #define HAVE_STRINGS_H 1
| #define HAVE_SYS_STAT_H 1
| #define HAVE_SYS_TYPES_H 1
| #define HAVE_UNISTD_H 1
| #define HAVE_WCHAR_H 1
| #define HAVE_SYS_PARAM_H 1
| #define STDC_HEADERS 1
| #define _ALL_SOURCE 1
| #define _DARWIN_C_SOURCE 1
| #define _GNU_SOURCE 1
| #define _HPUX_ALT_XOPEN_SOCKET_API 1
| #define _NETBSD_SOURCE 1
| #define _OPENBSD_SOURCE 1
| #define _POSIX_PTHREAD_SEMANTICS 1
| #define __STDC_WANT_IEC_60559_ATTRIBS_EXT__ 1
| #define __STDC_WANT_IEC_60559_BFP_EXT__ 1
| #define __STDC_WANT_IEC_60559_DFP_EXT__ 1
| #define __STDC_WANT_IEC_60559_FUNCS_EXT__ 1
| #define __STDC_WANT_IEC_60559_TYPES_EXT__ 1
| #define __STDC_WANT_LIB_EXT2__ 1
| #define __STDC_WANT_MATH_SPEC_FUNCS__ 1
| #define _TANDEM_SOURCE 1
| #define __EXTENSIONS__ 1
| #define CFLAGS_STD_C17 1
| #define WORDS_LITTLEENDIAN 1
| #define CFLAGS_WERROR_UNKNOWN_WARNING_OPTION 1
| #define CFLAGS_FWRAPV 1
| #define CFLAGS_FTRIVIAL_AUTO_VAR_INIT_ZERO 1
| #define CFLAGS_U_STRICT_ANSI 1
| #define CFLAGS_FNO_COMMON 1
| #define restrict __restrict__
| #define HAVE_STRING_H 1
| #define HAVE_STDARG_H 1
| #define HAVE_INTTYPES_H 1
| #define HAVE_STRINGS_H 1
| #define HAVE__BOOL 1
| #define HAVE_STDBOOL_H 1
| #define HAVE_STDNORETURN_H 1
| #define HAVE_FCNTL_H 1
| #define HAVE_UNISTD_H 1
| #define HAVE_SYS_MMAN_H 1
| #define HAVE_SYS_TYPES_H 1
| #define HAVE_SYS_STAT_H 1
| #define HAVE_SYS_RESOURCE_H 1
| #define HAVE_STRCASECMP 1
| #define HAVE_STRNCASECMP 1
| #define HAVE_STRSEP 1
| #define HAVE_STRNLEN 1
| #define HAVE_ISCNTRL 1
| #define HAVE_ISASCII 1
| #define HAVE_MEMPCPY 1
| #define HAVE_GETUID 1
| #define HAVE_GETGID 1
| #define HAVE_GETRLIMIT 1
| #define HAVE_REALPATH 1
| #define HAVE_CANONICALIZE_FILE_NAME 1
| #define HAVE_PATHCONF 1
| #define HAVE_FSEEKO 1
| #define HAVE_FTRUNCATE 1
| #define HAVE_FILENO 1
| #define HAVE_GETPAGESIZE 1
| #define HAVE_MMAP 1
| #define HAVE_GETPAGESIZE 1
| #define HAVE_SYSCONF 1
| #define HAVE_ACCESS 1
| #define HAVE_FACCESSAT 1
| #define HAVE___BUILTIN_EXPECT 1
| #define HAVE___BUILTIN_CLZ 1
| #define HAVE___BUILTIN_CLZL 1
| #define HAVE___BUILTIN_CLZLL 1
| #define HAVE_SNPRINTF 1
| #define HAVE_VSNPRINTF 1
| #define HAVE_STRUCT_STAT 1
| #define HAVE_STAT 1
| #define HAVE_FSTAT 1
| /* end confdefs.h.  */
| /* Define _fstati64 to an innocuous variant, in case <limits.h> declares _fstati64.
|    For example, HP-UX 11i <limits.h> declares gettimeofday.  */
| #define _fstati64 innocuous__fstati64
| 
| /* System header to define __stub macros and hopefully few prototypes,
|    which can conflict with char _fstati64 (); below.  */
| 
| #include <limits.h>
| #undef _fstati64
| 
| /* Override any GCC internal prototype to avoid an error.
|    Use char because int might match the return type of a GCC
|    builtin and then its argument prototype would still apply.  */
| #ifdef __cplusplus
| extern "C"
| #endif
| char _fstati64 ();
| /* The GNU C library defines this for functions which it implements
|     to always fail with ENOSYS.  Some functions are actually named
|     something starting with __ and the normal name is an alias.  */
| #if defined __stub__fstati64 || defined __stub____fstati64
| choke me
| #endif
| 
| int
| main (void)
| {
| return _fstati64 ();
|   ;
|   return 0;
| }
configure:7033: result: no
configure:7040: checking for S_ISREG
configure:7040: /home/arnab/Aflplusplus/AFLplusplus/afl-clang-fast -o conftest -g -O2 -std=c17 -Werror=unknown-warning-option -fwrapv -ftrivial-auto-var-init=zero -U__STRICT_ANSI__ -fno-common   conftest.c  >&5
/usr/bin/ld: /tmp/conftest-6991fb.o: in function `main':
conftest.c:(.text.main[main]+0x10): undefined reference to `S_ISREG'
clang: error: linker command failed with exit code 1 (use -v to see invocation)
configure:7040: $? = 1
configure: failed program was:
| /* confdefs.h */
| #define PACKAGE_NAME ""
| #define PACKAGE_TARNAME ""
| #define PACKAGE_VERSION ""
| #define PACKAGE_STRING ""
| #define PACKAGE_BUGREPORT ""
| #define PACKAGE_URL ""
| #define HAVE_STDIO_H 1
| #define HAVE_STDLIB_H 1
| #define HAVE_STRING_H 1
| #define HAVE_INTTYPES_H 1
| #define HAVE_STDINT_H 1
| #define HAVE_STRINGS_H 1
| #define HAVE_SYS_STAT_H 1
| #define HAVE_SYS_TYPES_H 1
| #define HAVE_UNISTD_H 1
| #define HAVE_WCHAR_H 1
| #define HAVE_SYS_PARAM_H 1
| #define STDC_HEADERS 1
| #define _ALL_SOURCE 1
| #define _DARWIN_C_SOURCE 1
| #define _GNU_SOURCE 1
| #define _HPUX_ALT_XOPEN_SOCKET_API 1
| #define _NETBSD_SOURCE 1
| #define _OPENBSD_SOURCE 1
| #define _POSIX_PTHREAD_SEMANTICS 1
| #define __STDC_WANT_IEC_60559_ATTRIBS_EXT__ 1
| #define __STDC_WANT_IEC_60559_BFP_EXT__ 1
| #define __STDC_WANT_IEC_60559_DFP_EXT__ 1
| #define __STDC_WANT_IEC_60559_FUNCS_EXT__ 1
| #define __STDC_WANT_IEC_60559_TYPES_EXT__ 1
| #define __STDC_WANT_LIB_EXT2__ 1
| #define __STDC_WANT_MATH_SPEC_FUNCS__ 1
| #define _TANDEM_SOURCE 1
| #define __EXTENSIONS__ 1
| #define CFLAGS_STD_C17 1
| #define WORDS_LITTLEENDIAN 1
| #define CFLAGS_WERROR_UNKNOWN_WARNING_OPTION 1
| #define CFLAGS_FWRAPV 1
| #define CFLAGS_FTRIVIAL_AUTO_VAR_INIT_ZERO 1
| #define CFLAGS_U_STRICT_ANSI 1
| #define CFLAGS_FNO_COMMON 1
| #define restrict __restrict__
| #define HAVE_STRING_H 1
| #define HAVE_STDARG_H 1
| #define HAVE_INTTYPES_H 1
| #define HAVE_STRINGS_H 1
| #define HAVE__BOOL 1
| #define HAVE_STDBOOL_H 1
| #define HAVE_STDNORETURN_H 1
| #define HAVE_FCNTL_H 1
| #define HAVE_UNISTD_H 1
| #define HAVE_SYS_MMAN_H 1
| #define HAVE_SYS_TYPES_H 1
| #define HAVE_SYS_STAT_H 1
| #define HAVE_SYS_RESOURCE_H 1
| #define HAVE_STRCASECMP 1
| #define HAVE_STRNCASECMP 1
| #define HAVE_STRSEP 1
| #define HAVE_STRNLEN 1
| #define HAVE_ISCNTRL 1
| #define HAVE_ISASCII 1
| #define HAVE_MEMPCPY 1
| #define HAVE_GETUID 1
| #define HAVE_GETGID 1
| #define HAVE_GETRLIMIT 1
| #define HAVE_REALPATH 1
| #define HAVE_CANONICALIZE_FILE_NAME 1
| #define HAVE_PATHCONF 1
| #define HAVE_FSEEKO 1
| #define HAVE_FTRUNCATE 1
| #define HAVE_FILENO 1
| #define HAVE_GETPAGESIZE 1
| #define HAVE_MMAP 1
| #define HAVE_GETPAGESIZE 1
| #define HAVE_SYSCONF 1
| #define HAVE_ACCESS 1
| #define HAVE_FACCESSAT 1
| #define HAVE___BUILTIN_EXPECT 1
| #define HAVE___BUILTIN_CLZ 1
| #define HAVE___BUILTIN_CLZL 1
| #define HAVE___BUILTIN_CLZLL 1
| #define HAVE_SNPRINTF 1
| #define HAVE_VSNPRINTF 1
| #define HAVE_STRUCT_STAT 1
| #define HAVE_STAT 1
| #define HAVE_FSTAT 1
| /* end confdefs.h.  */
| /* Define S_ISREG to an innocuous variant, in case <limits.h> declares S_ISREG.
|    For example, HP-UX 11i <limits.h> declares gettimeofday.  */
| #define S_ISREG innocuous_S_ISREG
| 
| /* System header to define __stub macros and hopefully few prototypes,
|    which can conflict with char S_ISREG (); below.  */
| 
| #include <limits.h>
| #undef S_ISREG
| 
| /* Override any GCC internal prototype to avoid an error.
|    Use char because int might match the return type of a GCC
|    builtin and then its argument prototype would still apply.  */
| #ifdef __cplusplus
| extern "C"
| #endif
| char S_ISREG ();
| /* The GNU C library defines this for functions which it implements
|     to always fail with ENOSYS.  Some functions are actually named
|     something starting with __ and the normal name is an alias.  */
| #if defined __stub_S_ISREG || defined __stub___S_ISREG
| choke me
| #endif
| 
| int
| main (void)
| {
| return S_ISREG ();
|   ;
|   return 0;
| }
configure:7040: result: no
configure:7048: checking for /home/arnab/Aflplusplus/AFLplusplus/afl-clang-fast options needed to detect all undeclared functions
configure:7070: /home/arnab/Aflplusplus/AFLplusplus/afl-clang-fast -c -g -O2 -std=c17 -Werror=unknown-warning-option -fwrapv -ftrivial-auto-var-init=zero -U__STRICT_ANSI__ -fno-common   conftest.c >&5
conftest.c:93:8: error: call to undeclared library function 'strchr' with type 'char *(const char *, int)'; ISO C99 and later do not support implicit function declarations [-Wimplicit-function-declaration]
   93 | (void) strchr;
      |        ^
conftest.c:93:8: note: include the header <string.h> or explicitly provide a declaration for 'strchr'
1 error generated.
configure:7070: $? = 1
configure: failed program was:
| /* confdefs.h */
| #define PACKAGE_NAME ""
| #define PACKAGE_TARNAME ""
| #define PACKAGE_VERSION ""
| #define PACKAGE_STRING ""
| #define PACKAGE_BUGREPORT ""
| #define PACKAGE_URL ""
| #define HAVE_STDIO_H 1
| #define HAVE_STDLIB_H 1
| #define HAVE_STRING_H 1
| #define HAVE_INTTYPES_H 1
| #define HAVE_STDINT_H 1
| #define HAVE_STRINGS_H 1
| #define HAVE_SYS_STAT_H 1
| #define HAVE_SYS_TYPES_H 1
| #define HAVE_UNISTD_H 1
| #define HAVE_WCHAR_H 1
| #define HAVE_SYS_PARAM_H 1
| #define STDC_HEADERS 1
| #define _ALL_SOURCE 1
| #define _DARWIN_C_SOURCE 1
| #define _GNU_SOURCE 1
| #define _HPUX_ALT_XOPEN_SOCKET_API 1
| #define _NETBSD_SOURCE 1
| #define _OPENBSD_SOURCE 1
| #define _POSIX_PTHREAD_SEMANTICS 1
| #define __STDC_WANT_IEC_60559_ATTRIBS_EXT__ 1
| #define __STDC_WANT_IEC_60559_BFP_EXT__ 1
| #define __STDC_WANT_IEC_60559_DFP_EXT__ 1
| #define __STDC_WANT_IEC_60559_FUNCS_EXT__ 1
| #define __STDC_WANT_IEC_60559_TYPES_EXT__ 1
| #define __STDC_WANT_LIB_EXT2__ 1
| #define __STDC_WANT_MATH_SPEC_FUNCS__ 1
| #define _TANDEM_SOURCE 1
| #define __EXTENSIONS__ 1
| #define CFLAGS_STD_C17 1
| #define WORDS_LITTLEENDIAN 1
| #define CFLAGS_WERROR_UNKNOWN_WARNING_OPTION 1
| #define CFLAGS_FWRAPV 1
| #define CFLAGS_FTRIVIAL_AUTO_VAR_INIT_ZERO 1
| #define CFLAGS_U_STRICT_ANSI 1
| #define CFLAGS_FNO_COMMON 1
| #define restrict __restrict__
| #define HAVE_STRING_H 1
| #define HAVE_STDARG_H 1
| #define HAVE_INTTYPES_H 1
| #define HAVE_STRINGS_H 1
| #define HAVE__BOOL 1
| #define HAVE_STDBOOL_H 1
| #define HAVE_STDNORETURN_H 1
| #define HAVE_FCNTL_H 1
| #define HAVE_UNISTD_H 1
| #define HAVE_SYS_MMAN_H 1
| #define HAVE_SYS_TYPES_H 1
| #define HAVE_SYS_STAT_H 1
| #define HAVE_SYS_RESOURCE_H 1
| #define HAVE_STRCASECMP 1
| #define HAVE_STRNCASECMP 1
| #define HAVE_STRSEP 1
| #define HAVE_STRNLEN 1
| #define HAVE_ISCNTRL 1
| #define HAVE_ISASCII 1
| #define HAVE_MEMPCPY 1
| #define HAVE_GETUID 1
| #define HAVE_GETGID 1
| #define HAVE_GETRLIMIT 1
| #define HAVE_REALPATH 1
| #define HAVE_CANONICALIZE_FILE_NAME 1
| #define HAVE_PATHCONF 1
| #define HAVE_FSEEKO 1
| #define HAVE_FTRUNCATE 1
| #define HAVE_FILENO 1
| #define HAVE_GETPAGESIZE 1
| #define HAVE_MMAP 1
| #define HAVE_GETPAGESIZE 1
| #define HAVE_SYSCONF 1
| #define HAVE_ACCESS 1
| #define HAVE_FACCESSAT 1
| #define HAVE___BUILTIN_EXPECT 1
| #define HAVE___BUILTIN_CLZ 1
| #define HAVE___BUILTIN_CLZL 1
| #define HAVE___BUILTIN_CLZLL 1
| #define HAVE_SNPRINTF 1
| #define HAVE_VSNPRINTF 1
| #define HAVE_STRUCT_STAT 1
| #define HAVE_STAT 1
| #define HAVE_FSTAT 1
| /* end confdefs.h.  */
| 
| int
| main (void)
| {
| (void) strchr;
|   ;
|   return 0;
| }
configure:7097: /home/arnab/Aflplusplus/AFLplusplus/afl-clang-fast -c -g -O2 -std=c17 -Werror=unknown-warning-option -fwrapv -ftrivial-auto-var-init=zero -U__STRICT_ANSI__ -fno-common   conftest.c >&5
configure:7097: $? = 0
configure:7114: result: none needed
configure:7128: checking whether strcasecmp is declared
configure:7128: /home/arnab/Aflplusplus/AFLplusplus/afl-clang-fast -c -g -O2 -std=c17 -Werror=unknown-warning-option -fwrapv -ftrivial-auto-var-init=zero -U__STRICT_ANSI__ -fno-common   conftest.c >&5
configure:7128: $? = 0
configure:7128: result: yes
configure:7137: checking whether stricmp is declared
configure:7137: /home/arnab/Aflplusplus/AFLplusplus/afl-clang-fast -c -g -O2 -std=c17 -Werror=unknown-warning-option -fwrapv -ftrivial-auto-var-init=zero -U__STRICT_ANSI__ -fno-common   conftest.c >&5
conftest.c:127:10: error: use of undeclared identifier 'stricmp'; did you mean 'struct'?
  127 |   (void) stricmp;
      |          ^~~~~~~
      |          struct
conftest.c:127:10: error: expected expression
2 errors generated.
configure:7137: $? = 1
configure: failed program was:
| /* confdefs.h */
| #define PACKAGE_NAME ""
| #define PACKAGE_TARNAME ""
| #define PACKAGE_VERSION ""
| #define PACKAGE_STRING ""
| #define PACKAGE_BUGREPORT ""
| #define PACKAGE_URL ""
| #define HAVE_STDIO_H 1
| #define HAVE_STDLIB_H 1
| #define HAVE_STRING_H 1
| #define HAVE_INTTYPES_H 1
| #define HAVE_STDINT_H 1
| #define HAVE_STRINGS_H 1
| #define HAVE_SYS_STAT_H 1
| #define HAVE_SYS_TYPES_H 1
| #define HAVE_UNISTD_H 1
| #define HAVE_WCHAR_H 1
| #define HAVE_SYS_PARAM_H 1
| #define STDC_HEADERS 1
| #define _ALL_SOURCE 1
| #define _DARWIN_C_SOURCE 1
| #define _GNU_SOURCE 1
| #define _HPUX_ALT_XOPEN_SOCKET_API 1
| #define _NETBSD_SOURCE 1
| #define _OPENBSD_SOURCE 1
| #define _POSIX_PTHREAD_SEMANTICS 1
| #define __STDC_WANT_IEC_60559_ATTRIBS_EXT__ 1
| #define __STDC_WANT_IEC_60559_BFP_EXT__ 1
| #define __STDC_WANT_IEC_60559_DFP_EXT__ 1
| #define __STDC_WANT_IEC_60559_FUNCS_EXT__ 1
| #define __STDC_WANT_IEC_60559_TYPES_EXT__ 1
| #define __STDC_WANT_LIB_EXT2__ 1
| #define __STDC_WANT_MATH_SPEC_FUNCS__ 1
| #define _TANDEM_SOURCE 1
| #define __EXTENSIONS__ 1
| #define CFLAGS_STD_C17 1
| #define WORDS_LITTLEENDIAN 1
| #define CFLAGS_WERROR_UNKNOWN_WARNING_OPTION 1
| #define CFLAGS_FWRAPV 1
| #define CFLAGS_FTRIVIAL_AUTO_VAR_INIT_ZERO 1
| #define CFLAGS_U_STRICT_ANSI 1
| #define CFLAGS_FNO_COMMON 1
| #define restrict __restrict__
| #define HAVE_STRING_H 1
| #define HAVE_STDARG_H 1
| #define HAVE_INTTYPES_H 1
| #define HAVE_STRINGS_H 1
| #define HAVE__BOOL 1
| #define HAVE_STDBOOL_H 1
| #define HAVE_STDNORETURN_H 1
| #define HAVE_FCNTL_H 1
| #define HAVE_UNISTD_H 1
| #define HAVE_SYS_MMAN_H 1
| #define HAVE_SYS_TYPES_H 1
| #define HAVE_SYS_STAT_H 1
| #define HAVE_SYS_RESOURCE_H 1
| #define HAVE_STRCASECMP 1
| #define HAVE_STRNCASECMP 1
| #define HAVE_STRSEP 1
| #define HAVE_STRNLEN 1
| #define HAVE_ISCNTRL 1
| #define HAVE_ISASCII 1
| #define HAVE_MEMPCPY 1
| #define HAVE_GETUID 1
| #define HAVE_GETGID 1
| #define HAVE_GETRLIMIT 1
| #define HAVE_REALPATH 1
| #define HAVE_CANONICALIZE_FILE_NAME 1
| #define HAVE_PATHCONF 1
| #define HAVE_FSEEKO 1
| #define HAVE_FTRUNCATE 1
| #define HAVE_FILENO 1
| #define HAVE_GETPAGESIZE 1
| #define HAVE_MMAP 1
| #define HAVE_GETPAGESIZE 1
| #define HAVE_SYSCONF 1
| #define HAVE_ACCESS 1
| #define HAVE_FACCESSAT 1
| #define HAVE___BUILTIN_EXPECT 1
| #define HAVE___BUILTIN_CLZ 1
| #define HAVE___BUILTIN_CLZL 1
| #define HAVE___BUILTIN_CLZLL 1
| #define HAVE_SNPRINTF 1
| #define HAVE_VSNPRINTF 1
| #define HAVE_STRUCT_STAT 1
| #define HAVE_STAT 1
| #define HAVE_FSTAT 1
| #define HAVE_DECL_STRCASECMP 1
| /* end confdefs.h.  */
| #include <stddef.h>
| #ifdef HAVE_STDIO_H
| # include <stdio.h>
| #endif
| #ifdef HAVE_STDLIB_H
| # include <stdlib.h>
| #endif
| #ifdef HAVE_STRING_H
| # include <string.h>
| #endif
| #ifdef HAVE_INTTYPES_H
| # include <inttypes.h>
| #endif
| #ifdef HAVE_STDINT_H
| # include <stdint.h>
| #endif
| #ifdef HAVE_STRINGS_H
| # include <strings.h>
| #endif
| #ifdef HAVE_SYS_TYPES_H
| # include <sys/types.h>
| #endif
| #ifdef HAVE_SYS_STAT_H
| # include <sys/stat.h>
| #endif
| #ifdef HAVE_UNISTD_H
| # include <unistd.h>
| #endif
| #include <string.h>
| #include <stdarg.h>
| int
| main (void)
| {
| #ifndef stricmp
| #ifdef __cplusplus
|   (void) stricmp;
| #else
|   (void) stricmp;
| #endif
| #endif
| 
|   ;
|   return 0;
| }
configure:7137: result: no
configure:7146: checking whether strncasecmp is declared
configure:7146: /home/arnab/Aflplusplus/AFLplusplus/afl-clang-fast -c -g -O2 -std=c17 -Werror=unknown-warning-option -fwrapv -ftrivial-auto-var-init=zero -U__STRICT_ANSI__ -fno-common   conftest.c >&5
configure:7146: $? = 0
configure:7146: result: yes
configure:7155: checking whether strnicmp is declared
configure:7155: /home/arnab/Aflplusplus/AFLplusplus/afl-clang-fast -c -g -O2 -std=c17 -Werror=unknown-warning-option -fwrapv -ftrivial-auto-var-init=zero -U__STRICT_ANSI__ -fno-common   conftest.c >&5
conftest.c:129:10: error: use of undeclared identifier 'strnicmp'
  129 |   (void) strnicmp;
      |          ^
1 error generated.
configure:7155: $? = 1
configure: failed program was:
| /* confdefs.h */
| #define PACKAGE_NAME ""
| #define PACKAGE_TARNAME ""
| #define PACKAGE_VERSION ""
| #define PACKAGE_STRING ""
| #define PACKAGE_BUGREPORT ""
| #define PACKAGE_URL ""
| #define HAVE_STDIO_H 1
| #define HAVE_STDLIB_H 1
| #define HAVE_STRING_H 1
| #define HAVE_INTTYPES_H 1
| #define HAVE_STDINT_H 1
| #define HAVE_STRINGS_H 1
| #define HAVE_SYS_STAT_H 1
| #define HAVE_SYS_TYPES_H 1
| #define HAVE_UNISTD_H 1
| #define HAVE_WCHAR_H 1
| #define HAVE_SYS_PARAM_H 1
| #define STDC_HEADERS 1
| #define _ALL_SOURCE 1
| #define _DARWIN_C_SOURCE 1
| #define _GNU_SOURCE 1
| #define _HPUX_ALT_XOPEN_SOCKET_API 1
| #define _NETBSD_SOURCE 1
| #define _OPENBSD_SOURCE 1
| #define _POSIX_PTHREAD_SEMANTICS 1
| #define __STDC_WANT_IEC_60559_ATTRIBS_EXT__ 1
| #define __STDC_WANT_IEC_60559_BFP_EXT__ 1
| #define __STDC_WANT_IEC_60559_DFP_EXT__ 1
| #define __STDC_WANT_IEC_60559_FUNCS_EXT__ 1
| #define __STDC_WANT_IEC_60559_TYPES_EXT__ 1
| #define __STDC_WANT_LIB_EXT2__ 1
| #define __STDC_WANT_MATH_SPEC_FUNCS__ 1
| #define _TANDEM_SOURCE 1
| #define __EXTENSIONS__ 1
| #define CFLAGS_STD_C17 1
| #define WORDS_LITTLEENDIAN 1
| #define CFLAGS_WERROR_UNKNOWN_WARNING_OPTION 1
| #define CFLAGS_FWRAPV 1
| #define CFLAGS_FTRIVIAL_AUTO_VAR_INIT_ZERO 1
| #define CFLAGS_U_STRICT_ANSI 1
| #define CFLAGS_FNO_COMMON 1
| #define restrict __restrict__
| #define HAVE_STRING_H 1
| #define HAVE_STDARG_H 1
| #define HAVE_INTTYPES_H 1
| #define HAVE_STRINGS_H 1
| #define HAVE__BOOL 1
| #define HAVE_STDBOOL_H 1
| #define HAVE_STDNORETURN_H 1
| #define HAVE_FCNTL_H 1
| #define HAVE_UNISTD_H 1
| #define HAVE_SYS_MMAN_H 1
| #define HAVE_SYS_TYPES_H 1
| #define HAVE_SYS_STAT_H 1
| #define HAVE_SYS_RESOURCE_H 1
| #define HAVE_STRCASECMP 1
| #define HAVE_STRNCASECMP 1
| #define HAVE_STRSEP 1
| #define HAVE_STRNLEN 1
| #define HAVE_ISCNTRL 1
| #define HAVE_ISASCII 1
| #define HAVE_MEMPCPY 1
| #define HAVE_GETUID 1
| #define HAVE_GETGID 1
| #define HAVE_GETRLIMIT 1
| #define HAVE_REALPATH 1
| #define HAVE_CANONICALIZE_FILE_NAME 1
| #define HAVE_PATHCONF 1
| #define HAVE_FSEEKO 1
| #define HAVE_FTRUNCATE 1
| #define HAVE_FILENO 1
| #define HAVE_GETPAGESIZE 1
| #define HAVE_MMAP 1
| #define HAVE_GETPAGESIZE 1
| #define HAVE_SYSCONF 1
| #define HAVE_ACCESS 1
| #define HAVE_FACCESSAT 1
| #define HAVE___BUILTIN_EXPECT 1
| #define HAVE___BUILTIN_CLZ 1
| #define HAVE___BUILTIN_CLZL 1
| #define HAVE___BUILTIN_CLZLL 1
| #define HAVE_SNPRINTF 1
| #define HAVE_VSNPRINTF 1
| #define HAVE_STRUCT_STAT 1
| #define HAVE_STAT 1
| #define HAVE_FSTAT 1
| #define HAVE_DECL_STRCASECMP 1
| #define HAVE_DECL_STRICMP 0
| #define HAVE_DECL_STRNCASECMP 1
| /* end confdefs.h.  */
| #include <stddef.h>
| #ifdef HAVE_STDIO_H
| # include <stdio.h>
| #endif
| #ifdef HAVE_STDLIB_H
| # include <stdlib.h>
| #endif
| #ifdef HAVE_STRING_H
| # include <string.h>
| #endif
| #ifdef HAVE_INTTYPES_H
| # include <inttypes.h>
| #endif
| #ifdef HAVE_STDINT_H
| # include <stdint.h>
| #endif
| #ifdef HAVE_STRINGS_H
| # include <strings.h>
| #endif
| #ifdef HAVE_SYS_TYPES_H
| # include <sys/types.h>
| #endif
| #ifdef HAVE_SYS_STAT_H
| # include <sys/stat.h>
| #endif
| #ifdef HAVE_UNISTD_H
| # include <unistd.h>
| #endif
| #include <string.h>
| #include <stdarg.h>
| int
| main (void)
| {
| #ifndef strnicmp
| #ifdef __cplusplus
|   (void) strnicmp;
| #else
|   (void) strnicmp;
| #endif
| #endif
| 
|   ;
|   return 0;
| }
configure:7155: result: no
configure:7164: checking whether strsep is declared
configure:7164: /home/arnab/Aflplusplus/AFLplusplus/afl-clang-fast -c -g -O2 -std=c17 -Werror=unknown-warning-option -fwrapv -ftrivial-auto-var-init=zero -U__STRICT_ANSI__ -fno-common   conftest.c >&5
configure:7164: $? = 0
configure:7164: result: yes
configure:7173: checking whether strlcpy is declared
configure:7173: /home/arnab/Aflplusplus/AFLplusplus/afl-clang-fast -c -g -O2 -std=c17 -Werror=unknown-warning-option -fwrapv -ftrivial-auto-var-init=zero -U__STRICT_ANSI__ -fno-common   conftest.c >&5
conftest.c:131:10: error: use of undeclared identifier 'strlcpy'; did you mean 'struct'?
  131 |   (void) strlcpy;
      |          ^~~~~~~
      |          struct
conftest.c:131:10: error: expected expression
2 errors generated.
configure:7173: $? = 1
configure: failed program was:
| /* confdefs.h */
| #define PACKAGE_NAME ""
| #define PACKAGE_TARNAME ""
| #define PACKAGE_VERSION ""
| #define PACKAGE_STRING ""
| #define PACKAGE_BUGREPORT ""
| #define PACKAGE_URL ""
| #define HAVE_STDIO_H 1
| #define HAVE_STDLIB_H 1
| #define HAVE_STRING_H 1
| #define HAVE_INTTYPES_H 1
| #define HAVE_STDINT_H 1
| #define HAVE_STRINGS_H 1
| #define HAVE_SYS_STAT_H 1
| #define HAVE_SYS_TYPES_H 1
| #define HAVE_UNISTD_H 1
| #define HAVE_WCHAR_H 1
| #define HAVE_SYS_PARAM_H 1
| #define STDC_HEADERS 1
| #define _ALL_SOURCE 1
| #define _DARWIN_C_SOURCE 1
| #define _GNU_SOURCE 1
| #define _HPUX_ALT_XOPEN_SOCKET_API 1
| #define _NETBSD_SOURCE 1
| #define _OPENBSD_SOURCE 1
| #define _POSIX_PTHREAD_SEMANTICS 1
| #define __STDC_WANT_IEC_60559_ATTRIBS_EXT__ 1
| #define __STDC_WANT_IEC_60559_BFP_EXT__ 1
| #define __STDC_WANT_IEC_60559_DFP_EXT__ 1
| #define __STDC_WANT_IEC_60559_FUNCS_EXT__ 1
| #define __STDC_WANT_IEC_60559_TYPES_EXT__ 1
| #define __STDC_WANT_LIB_EXT2__ 1
| #define __STDC_WANT_MATH_SPEC_FUNCS__ 1
| #define _TANDEM_SOURCE 1
| #define __EXTENSIONS__ 1
| #define CFLAGS_STD_C17 1
| #define WORDS_LITTLEENDIAN 1
| #define CFLAGS_WERROR_UNKNOWN_WARNING_OPTION 1
| #define CFLAGS_FWRAPV 1
| #define CFLAGS_FTRIVIAL_AUTO_VAR_INIT_ZERO 1
| #define CFLAGS_U_STRICT_ANSI 1
| #define CFLAGS_FNO_COMMON 1
| #define restrict __restrict__
| #define HAVE_STRING_H 1
| #define HAVE_STDARG_H 1
| #define HAVE_INTTYPES_H 1
| #define HAVE_STRINGS_H 1
| #define HAVE__BOOL 1
| #define HAVE_STDBOOL_H 1
| #define HAVE_STDNORETURN_H 1
| #define HAVE_FCNTL_H 1
| #define HAVE_UNISTD_H 1
| #define HAVE_SYS_MMAN_H 1
| #define HAVE_SYS_TYPES_H 1
| #define HAVE_SYS_STAT_H 1
| #define HAVE_SYS_RESOURCE_H 1
| #define HAVE_STRCASECMP 1
| #define HAVE_STRNCASECMP 1
| #define HAVE_STRSEP 1
| #define HAVE_STRNLEN 1
| #define HAVE_ISCNTRL 1
| #define HAVE_ISASCII 1
| #define HAVE_MEMPCPY 1
| #define HAVE_GETUID 1
| #define HAVE_GETGID 1
| #define HAVE_GETRLIMIT 1
| #define HAVE_REALPATH 1
| #define HAVE_CANONICALIZE_FILE_NAME 1
| #define HAVE_PATHCONF 1
| #define HAVE_FSEEKO 1
| #define HAVE_FTRUNCATE 1
| #define HAVE_FILENO 1
| #define HAVE_GETPAGESIZE 1
| #define HAVE_MMAP 1
| #define HAVE_GETPAGESIZE 1
| #define HAVE_SYSCONF 1
| #define HAVE_ACCESS 1
| #define HAVE_FACCESSAT 1
| #define HAVE___BUILTIN_EXPECT 1
| #define HAVE___BUILTIN_CLZ 1
| #define HAVE___BUILTIN_CLZL 1
| #define HAVE___BUILTIN_CLZLL 1
| #define HAVE_SNPRINTF 1
| #define HAVE_VSNPRINTF 1
| #define HAVE_STRUCT_STAT 1
| #define HAVE_STAT 1
| #define HAVE_FSTAT 1
| #define HAVE_DECL_STRCASECMP 1
| #define HAVE_DECL_STRICMP 0
| #define HAVE_DECL_STRNCASECMP 1
| #define HAVE_DECL_STRNICMP 0
| #define HAVE_DECL_STRSEP 1
| /* end confdefs.h.  */
| #include <stddef.h>
| #ifdef HAVE_STDIO_H
| # include <stdio.h>
| #endif
| #ifdef HAVE_STDLIB_H
| # include <stdlib.h>
| #endif
| #ifdef HAVE_STRING_H
| # include <string.h>
| #endif
| #ifdef HAVE_INTTYPES_H
| # include <inttypes.h>
| #endif
| #ifdef HAVE_STDINT_H
| # include <stdint.h>
| #endif
| #ifdef HAVE_STRINGS_H
| # include <strings.h>
| #endif
| #ifdef HAVE_SYS_TYPES_H
| # include <sys/types.h>
| #endif
| #ifdef HAVE_SYS_STAT_H
| # include <sys/stat.h>
| #endif
| #ifdef HAVE_UNISTD_H
| # include <unistd.h>
| #endif
| #include <string.h>
| #include <stdarg.h>
| int
| main (void)
| {
| #ifndef strlcpy
| #ifdef __cplusplus
|   (void) strlcpy;
| #else
|   (void) strlcpy;
| #endif
| #endif
| 
|   ;
|   return 0;
| }
configure:7173: result: no
configure:7182: checking whether strnlen is declared
configure:7182: /home/arnab/Aflplusplus/AFLplusplus/afl-clang-fast -c -g -O2 -std=c17 -Werror=unknown-warning-option -fwrapv -ftrivial-auto-var-init=zero -U__STRICT_ANSI__ -fno-common   conftest.c >&5
configure:7182: $? = 0
configure:7182: result: yes
configure:7191: checking whether strrchrnul is declared
configure:7191: /home/arnab/Aflplusplus/AFLplusplus/afl-clang-fast -c -g -O2 -std=c17 -Werror=unknown-warning-option -fwrapv -ftrivial-auto-var-init=zero -U__STRICT_ANSI__ -fno-common   conftest.c >&5
conftest.c:133:10: error: use of undeclared identifier 'strrchrnul'
  133 |   (void) strrchrnul;
      |          ^
1 error generated.
configure:7191: $? = 1
configure: failed program was:
| /* confdefs.h */
| #define PACKAGE_NAME ""
| #define PACKAGE_TARNAME ""
| #define PACKAGE_VERSION ""
| #define PACKAGE_STRING ""
| #define PACKAGE_BUGREPORT ""
| #define PACKAGE_URL ""
| #define HAVE_STDIO_H 1
| #define HAVE_STDLIB_H 1
| #define HAVE_STRING_H 1
| #define HAVE_INTTYPES_H 1
| #define HAVE_STDINT_H 1
| #define HAVE_STRINGS_H 1
| #define HAVE_SYS_STAT_H 1
| #define HAVE_SYS_TYPES_H 1
| #define HAVE_UNISTD_H 1
| #define HAVE_WCHAR_H 1
| #define HAVE_SYS_PARAM_H 1
| #define STDC_HEADERS 1
| #define _ALL_SOURCE 1
| #define _DARWIN_C_SOURCE 1
| #define _GNU_SOURCE 1
| #define _HPUX_ALT_XOPEN_SOCKET_API 1
| #define _NETBSD_SOURCE 1
| #define _OPENBSD_SOURCE 1
| #define _POSIX_PTHREAD_SEMANTICS 1
| #define __STDC_WANT_IEC_60559_ATTRIBS_EXT__ 1
| #define __STDC_WANT_IEC_60559_BFP_EXT__ 1
| #define __STDC_WANT_IEC_60559_DFP_EXT__ 1
| #define __STDC_WANT_IEC_60559_FUNCS_EXT__ 1
| #define __STDC_WANT_IEC_60559_TYPES_EXT__ 1
| #define __STDC_WANT_LIB_EXT2__ 1
| #define __STDC_WANT_MATH_SPEC_FUNCS__ 1
| #define _TANDEM_SOURCE 1
| #define __EXTENSIONS__ 1
| #define CFLAGS_STD_C17 1
| #define WORDS_LITTLEENDIAN 1
| #define CFLAGS_WERROR_UNKNOWN_WARNING_OPTION 1
| #define CFLAGS_FWRAPV 1
| #define CFLAGS_FTRIVIAL_AUTO_VAR_INIT_ZERO 1
| #define CFLAGS_U_STRICT_ANSI 1
| #define CFLAGS_FNO_COMMON 1
| #define restrict __restrict__
| #define HAVE_STRING_H 1
| #define HAVE_STDARG_H 1
| #define HAVE_INTTYPES_H 1
| #define HAVE_STRINGS_H 1
| #define HAVE__BOOL 1
| #define HAVE_STDBOOL_H 1
| #define HAVE_STDNORETURN_H 1
| #define HAVE_FCNTL_H 1
| #define HAVE_UNISTD_H 1
| #define HAVE_SYS_MMAN_H 1
| #define HAVE_SYS_TYPES_H 1
| #define HAVE_SYS_STAT_H 1
| #define HAVE_SYS_RESOURCE_H 1
| #define HAVE_STRCASECMP 1
| #define HAVE_STRNCASECMP 1
| #define HAVE_STRSEP 1
| #define HAVE_STRNLEN 1
| #define HAVE_ISCNTRL 1
| #define HAVE_ISASCII 1
| #define HAVE_MEMPCPY 1
| #define HAVE_GETUID 1
| #define HAVE_GETGID 1
| #define HAVE_GETRLIMIT 1
| #define HAVE_REALPATH 1
| #define HAVE_CANONICALIZE_FILE_NAME 1
| #define HAVE_PATHCONF 1
| #define HAVE_FSEEKO 1
| #define HAVE_FTRUNCATE 1
| #define HAVE_FILENO 1
| #define HAVE_GETPAGESIZE 1
| #define HAVE_MMAP 1
| #define HAVE_GETPAGESIZE 1
| #define HAVE_SYSCONF 1
| #define HAVE_ACCESS 1
| #define HAVE_FACCESSAT 1
| #define HAVE___BUILTIN_EXPECT 1
| #define HAVE___BUILTIN_CLZ 1
| #define HAVE___BUILTIN_CLZL 1
| #define HAVE___BUILTIN_CLZLL 1
| #define HAVE_SNPRINTF 1
| #define HAVE_VSNPRINTF 1
| #define HAVE_STRUCT_STAT 1
| #define HAVE_STAT 1
| #define HAVE_FSTAT 1
| #define HAVE_DECL_STRCASECMP 1
| #define HAVE_DECL_STRICMP 0
| #define HAVE_DECL_STRNCASECMP 1
| #define HAVE_DECL_STRNICMP 0
| #define HAVE_DECL_STRSEP 1
| #define HAVE_DECL_STRLCPY 0
| #define HAVE_DECL_STRNLEN 1
| /* end confdefs.h.  */
| #include <stddef.h>
| #ifdef HAVE_STDIO_H
| # include <stdio.h>
| #endif
| #ifdef HAVE_STDLIB_H
| # include <stdlib.h>
| #endif
| #ifdef HAVE_STRING_H
| # include <string.h>
| #endif
| #ifdef HAVE_INTTYPES_H
| # include <inttypes.h>
| #endif
| #ifdef HAVE_STDINT_H
| # include <stdint.h>
| #endif
| #ifdef HAVE_STRINGS_H
| # include <strings.h>
| #endif
| #ifdef HAVE_SYS_TYPES_H
| # include <sys/types.h>
| #endif
| #ifdef HAVE_SYS_STAT_H
| # include <sys/stat.h>
| #endif
| #ifdef HAVE_UNISTD_H
| # include <unistd.h>
| #endif
| #include <string.h>
| #include <stdarg.h>
| int
| main (void)
| {
| #ifndef strrchrnul
| #ifdef __cplusplus
|   (void) strrchrnul;
| #else
|   (void) strrchrnul;
| #endif
| #endif
| 
|   ;
|   return 0;
| }
configure:7191: result: no
configure:7202: checking for uintptr_t
configure:7202: /home/arnab/Aflplusplus/AFLplusplus/afl-clang-fast -c -g -O2 -std=c17 -Werror=unknown-warning-option -fwrapv -ftrivial-auto-var-init=zero -U__STRICT_ANSI__ -fno-common  conftest.c >&5
configure:7202: $? = 0
configure:7202: /home/arnab/Aflplusplus/AFLplusplus/afl-clang-fast -c -g -O2 -std=c17 -Werror=unknown-warning-option -fwrapv -ftrivial-auto-var-init=zero -U__STRICT_ANSI__ -fno-common  conftest.c >&5
conftest.c:130:24: error: expected expression
  130 | if (sizeof ((uintptr_t)))
      |                        ^
1 error generated.
configure:7202: $? = 1
configure: failed program was:
| /* confdefs.h */
| #define PACKAGE_NAME ""
| #define PACKAGE_TARNAME ""
| #define PACKAGE_VERSION ""
| #define PACKAGE_STRING ""
| #define PACKAGE_BUGREPORT ""
| #define PACKAGE_URL ""
| #define HAVE_STDIO_H 1
| #define HAVE_STDLIB_H 1
| #define HAVE_STRING_H 1
| #define HAVE_INTTYPES_H 1
| #define HAVE_STDINT_H 1
| #define HAVE_STRINGS_H 1
| #define HAVE_SYS_STAT_H 1
| #define HAVE_SYS_TYPES_H 1
| #define HAVE_UNISTD_H 1
| #define HAVE_WCHAR_H 1
| #define HAVE_SYS_PARAM_H 1
| #define STDC_HEADERS 1
| #define _ALL_SOURCE 1
| #define _DARWIN_C_SOURCE 1
| #define _GNU_SOURCE 1
| #define _HPUX_ALT_XOPEN_SOCKET_API 1
| #define _NETBSD_SOURCE 1
| #define _OPENBSD_SOURCE 1
| #define _POSIX_PTHREAD_SEMANTICS 1
| #define __STDC_WANT_IEC_60559_ATTRIBS_EXT__ 1
| #define __STDC_WANT_IEC_60559_BFP_EXT__ 1
| #define __STDC_WANT_IEC_60559_DFP_EXT__ 1
| #define __STDC_WANT_IEC_60559_FUNCS_EXT__ 1
| #define __STDC_WANT_IEC_60559_TYPES_EXT__ 1
| #define __STDC_WANT_LIB_EXT2__ 1
| #define __STDC_WANT_MATH_SPEC_FUNCS__ 1
| #define _TANDEM_SOURCE 1
| #define __EXTENSIONS__ 1
| #define CFLAGS_STD_C17 1
| #define WORDS_LITTLEENDIAN 1
| #define CFLAGS_WERROR_UNKNOWN_WARNING_OPTION 1
| #define CFLAGS_FWRAPV 1
| #define CFLAGS_FTRIVIAL_AUTO_VAR_INIT_ZERO 1
| #define CFLAGS_U_STRICT_ANSI 1
| #define CFLAGS_FNO_COMMON 1
| #define restrict __restrict__
| #define HAVE_STRING_H 1
| #define HAVE_STDARG_H 1
| #define HAVE_INTTYPES_H 1
| #define HAVE_STRINGS_H 1
| #define HAVE__BOOL 1
| #define HAVE_STDBOOL_H 1
| #define HAVE_STDNORETURN_H 1
| #define HAVE_FCNTL_H 1
| #define HAVE_UNISTD_H 1
| #define HAVE_SYS_MMAN_H 1
| #define HAVE_SYS_TYPES_H 1
| #define HAVE_SYS_STAT_H 1
| #define HAVE_SYS_RESOURCE_H 1
| #define HAVE_STRCASECMP 1
| #define HAVE_STRNCASECMP 1
| #define HAVE_STRSEP 1
| #define HAVE_STRNLEN 1
| #define HAVE_ISCNTRL 1
| #define HAVE_ISASCII 1
| #define HAVE_MEMPCPY 1
| #define HAVE_GETUID 1
| #define HAVE_GETGID 1
| #define HAVE_GETRLIMIT 1
| #define HAVE_REALPATH 1
| #define HAVE_CANONICALIZE_FILE_NAME 1
| #define HAVE_PATHCONF 1
| #define HAVE_FSEEKO 1
| #define HAVE_FTRUNCATE 1
| #define HAVE_FILENO 1
| #define HAVE_GETPAGESIZE 1
| #define HAVE_MMAP 1
| #define HAVE_GETPAGESIZE 1
| #define HAVE_SYSCONF 1
| #define HAVE_ACCESS 1
| #define HAVE_FACCESSAT 1
| #define HAVE___BUILTIN_EXPECT 1
| #define HAVE___BUILTIN_CLZ 1
| #define HAVE___BUILTIN_CLZL 1
| #define HAVE___BUILTIN_CLZLL 1
| #define HAVE_SNPRINTF 1
| #define HAVE_VSNPRINTF 1
| #define HAVE_STRUCT_STAT 1
| #define HAVE_STAT 1
| #define HAVE_FSTAT 1
| #define HAVE_DECL_STRCASECMP 1
| #define HAVE_DECL_STRICMP 0
| #define HAVE_DECL_STRNCASECMP 1
| #define HAVE_DECL_STRNICMP 0
| #define HAVE_DECL_STRSEP 1
| #define HAVE_DECL_STRLCPY 0
| #define HAVE_DECL_STRNLEN 1
| #define HAVE_DECL_STRRCHRNUL 0
| /* end confdefs.h.  */
| #include <stddef.h>
| #ifdef HAVE_STDIO_H
| # include <stdio.h>
| #endif
| #ifdef HAVE_STDLIB_H
| # include <stdlib.h>
| #endif
| #ifdef HAVE_STRING_H
| # include <string.h>
| #endif
| #ifdef HAVE_INTTYPES_H
| # include <inttypes.h>
| #endif
| #ifdef HAVE_STDINT_H
| # include <stdint.h>
| #endif
| #ifdef HAVE_STRINGS_H
| # include <strings.h>
| #endif
| #ifdef HAVE_SYS_TYPES_H
| # include <sys/types.h>
| #endif
| #ifdef HAVE_SYS_STAT_H
| # include <sys/stat.h>
| #endif
| #ifdef HAVE_UNISTD_H
| # include <unistd.h>
| #endif
| #include <string.h>
| #include <stdarg.h>
| int
| main (void)
| {
| if (sizeof ((uintptr_t)))
| 	    return 0;
|   ;
|   return 0;
| }
configure:7202: result: yes
configure:7261: checking for endian.h
configure:7261: /home/arnab/Aflplusplus/AFLplusplus/afl-clang-fast -c -g -O2 -std=c17 -Werror=unknown-warning-option -fwrapv -ftrivial-auto-var-init=zero -U__STRICT_ANSI__ -fno-common  conftest.c >&5
configure:7261: $? = 0
configure:7261: result: yes
configure:7273: checking for sys/endian.h
configure:7273: /home/arnab/Aflplusplus/AFLplusplus/afl-clang-fast -c -g -O2 -std=c17 -Werror=unknown-warning-option -fwrapv -ftrivial-auto-var-init=zero -U__STRICT_ANSI__ -fno-common  conftest.c >&5
conftest.c:130:10: fatal error: 'sys/endian.h' file not found
  130 | #include <sys/endian.h>
      |          ^~~~~~~~~~~~~~
1 error generated.
configure:7273: $? = 1
configure: failed program was:
| /* confdefs.h */
| #define PACKAGE_NAME ""
| #define PACKAGE_TARNAME ""
| #define PACKAGE_VERSION ""
| #define PACKAGE_STRING ""
| #define PACKAGE_BUGREPORT ""
| #define PACKAGE_URL ""
| #define HAVE_STDIO_H 1
| #define HAVE_STDLIB_H 1
| #define HAVE_STRING_H 1
| #define HAVE_INTTYPES_H 1
| #define HAVE_STDINT_H 1
| #define HAVE_STRINGS_H 1
| #define HAVE_SYS_STAT_H 1
| #define HAVE_SYS_TYPES_H 1
| #define HAVE_UNISTD_H 1
| #define HAVE_WCHAR_H 1
| #define HAVE_SYS_PARAM_H 1
| #define STDC_HEADERS 1
| #define _ALL_SOURCE 1
| #define _DARWIN_C_SOURCE 1
| #define _GNU_SOURCE 1
| #define _HPUX_ALT_XOPEN_SOCKET_API 1
| #define _NETBSD_SOURCE 1
| #define _OPENBSD_SOURCE 1
| #define _POSIX_PTHREAD_SEMANTICS 1
| #define __STDC_WANT_IEC_60559_ATTRIBS_EXT__ 1
| #define __STDC_WANT_IEC_60559_BFP_EXT__ 1
| #define __STDC_WANT_IEC_60559_DFP_EXT__ 1
| #define __STDC_WANT_IEC_60559_FUNCS_EXT__ 1
| #define __STDC_WANT_IEC_60559_TYPES_EXT__ 1
| #define __STDC_WANT_LIB_EXT2__ 1
| #define __STDC_WANT_MATH_SPEC_FUNCS__ 1
| #define _TANDEM_SOURCE 1
| #define __EXTENSIONS__ 1
| #define CFLAGS_STD_C17 1
| #define WORDS_LITTLEENDIAN 1
| #define CFLAGS_WERROR_UNKNOWN_WARNING_OPTION 1
| #define CFLAGS_FWRAPV 1
| #define CFLAGS_FTRIVIAL_AUTO_VAR_INIT_ZERO 1
| #define CFLAGS_U_STRICT_ANSI 1
| #define CFLAGS_FNO_COMMON 1
| #define restrict __restrict__
| #define HAVE_STRING_H 1
| #define HAVE_STDARG_H 1
| #define HAVE_INTTYPES_H 1
| #define HAVE_STRINGS_H 1
| #define HAVE__BOOL 1
| #define HAVE_STDBOOL_H 1
| #define HAVE_STDNORETURN_H 1
| #define HAVE_FCNTL_H 1
| #define HAVE_UNISTD_H 1
| #define HAVE_SYS_MMAN_H 1
| #define HAVE_SYS_TYPES_H 1
| #define HAVE_SYS_STAT_H 1
| #define HAVE_SYS_RESOURCE_H 1
| #define HAVE_STRCASECMP 1
| #define HAVE_STRNCASECMP 1
| #define HAVE_STRSEP 1
| #define HAVE_STRNLEN 1
| #define HAVE_ISCNTRL 1
| #define HAVE_ISASCII 1
| #define HAVE_MEMPCPY 1
| #define HAVE_GETUID 1
| #define HAVE_GETGID 1
| #define HAVE_GETRLIMIT 1
| #define HAVE_REALPATH 1
| #define HAVE_CANONICALIZE_FILE_NAME 1
| #define HAVE_PATHCONF 1
| #define HAVE_FSEEKO 1
| #define HAVE_FTRUNCATE 1
| #define HAVE_FILENO 1
| #define HAVE_GETPAGESIZE 1
| #define HAVE_MMAP 1
| #define HAVE_GETPAGESIZE 1
| #define HAVE_SYSCONF 1
| #define HAVE_ACCESS 1
| #define HAVE_FACCESSAT 1
| #define HAVE___BUILTIN_EXPECT 1
| #define HAVE___BUILTIN_CLZ 1
| #define HAVE___BUILTIN_CLZL 1
| #define HAVE___BUILTIN_CLZLL 1
| #define HAVE_SNPRINTF 1
| #define HAVE_VSNPRINTF 1
| #define HAVE_STRUCT_STAT 1
| #define HAVE_STAT 1
| #define HAVE_FSTAT 1
| #define HAVE_DECL_STRCASECMP 1
| #define HAVE_DECL_STRICMP 0
| #define HAVE_DECL_STRNCASECMP 1
| #define HAVE_DECL_STRNICMP 0
| #define HAVE_DECL_STRSEP 1
| #define HAVE_DECL_STRLCPY 0
| #define HAVE_DECL_STRNLEN 1
| #define HAVE_DECL_STRRCHRNUL 0
| #define HAVE_UINTPTR_T 1
| #define HAVE_ENDIAN_H 1
| /* end confdefs.h.  */
| #include <stddef.h>
| #ifdef HAVE_STDIO_H
| # include <stdio.h>
| #endif
| #ifdef HAVE_STDLIB_H
| # include <stdlib.h>
| #endif
| #ifdef HAVE_STRING_H
| # include <string.h>
| #endif
| #ifdef HAVE_INTTYPES_H
| # include <inttypes.h>
| #endif
| #ifdef HAVE_STDINT_H
| # include <stdint.h>
| #endif
| #ifdef HAVE_STRINGS_H
| # include <strings.h>
| #endif
| #ifdef HAVE_SYS_TYPES_H
| # include <sys/types.h>
| #endif
| #ifdef HAVE_SYS_STAT_H
| # include <sys/stat.h>
| #endif
| #ifdef HAVE_UNISTD_H
| # include <unistd.h>
| #endif
| #include <string.h>
| #include <stdarg.h>
| #include <endian.h>
| #include <sys/endian.h>
configure:7273: result: no
configure:7285: checking for machine/endian.h
configure:7285: /home/arnab/Aflplusplus/AFLplusplus/afl-clang-fast -c -g -O2 -std=c17 -Werror=unknown-warning-option -fwrapv -ftrivial-auto-var-init=zero -U__STRICT_ANSI__ -fno-common  conftest.c >&5
conftest.c:130:10: fatal error: 'machine/endian.h' file not found
  130 | #include <machine/endian.h>
      |          ^~~~~~~~~~~~~~~~~~
1 error generated.
configure:7285: $? = 1
configure: failed program was:
| /* confdefs.h */
| #define PACKAGE_NAME ""
| #define PACKAGE_TARNAME ""
| #define PACKAGE_VERSION ""
| #define PACKAGE_STRING ""
| #define PACKAGE_BUGREPORT ""
| #define PACKAGE_URL ""
| #define HAVE_STDIO_H 1
| #define HAVE_STDLIB_H 1
| #define HAVE_STRING_H 1
| #define HAVE_INTTYPES_H 1
| #define HAVE_STDINT_H 1
| #define HAVE_STRINGS_H 1
| #define HAVE_SYS_STAT_H 1
| #define HAVE_SYS_TYPES_H 1
| #define HAVE_UNISTD_H 1
| #define HAVE_WCHAR_H 1
| #define HAVE_SYS_PARAM_H 1
| #define STDC_HEADERS 1
| #define _ALL_SOURCE 1
| #define _DARWIN_C_SOURCE 1
| #define _GNU_SOURCE 1
| #define _HPUX_ALT_XOPEN_SOCKET_API 1
| #define _NETBSD_SOURCE 1
| #define _OPENBSD_SOURCE 1
| #define _POSIX_PTHREAD_SEMANTICS 1
| #define __STDC_WANT_IEC_60559_ATTRIBS_EXT__ 1
| #define __STDC_WANT_IEC_60559_BFP_EXT__ 1
| #define __STDC_WANT_IEC_60559_DFP_EXT__ 1
| #define __STDC_WANT_IEC_60559_FUNCS_EXT__ 1
| #define __STDC_WANT_IEC_60559_TYPES_EXT__ 1
| #define __STDC_WANT_LIB_EXT2__ 1
| #define __STDC_WANT_MATH_SPEC_FUNCS__ 1
| #define _TANDEM_SOURCE 1
| #define __EXTENSIONS__ 1
| #define CFLAGS_STD_C17 1
| #define WORDS_LITTLEENDIAN 1
| #define CFLAGS_WERROR_UNKNOWN_WARNING_OPTION 1
| #define CFLAGS_FWRAPV 1
| #define CFLAGS_FTRIVIAL_AUTO_VAR_INIT_ZERO 1
| #define CFLAGS_U_STRICT_ANSI 1
| #define CFLAGS_FNO_COMMON 1
| #define restrict __restrict__
| #define HAVE_STRING_H 1
| #define HAVE_STDARG_H 1
| #define HAVE_INTTYPES_H 1
| #define HAVE_STRINGS_H 1
| #define HAVE__BOOL 1
| #define HAVE_STDBOOL_H 1
| #define HAVE_STDNORETURN_H 1
| #define HAVE_FCNTL_H 1
| #define HAVE_UNISTD_H 1
| #define HAVE_SYS_MMAN_H 1
| #define HAVE_SYS_TYPES_H 1
| #define HAVE_SYS_STAT_H 1
| #define HAVE_SYS_RESOURCE_H 1
| #define HAVE_STRCASECMP 1
| #define HAVE_STRNCASECMP 1
| #define HAVE_STRSEP 1
| #define HAVE_STRNLEN 1
| #define HAVE_ISCNTRL 1
| #define HAVE_ISASCII 1
| #define HAVE_MEMPCPY 1
| #define HAVE_GETUID 1
| #define HAVE_GETGID 1
| #define HAVE_GETRLIMIT 1
| #define HAVE_REALPATH 1
| #define HAVE_CANONICALIZE_FILE_NAME 1
| #define HAVE_PATHCONF 1
| #define HAVE_FSEEKO 1
| #define HAVE_FTRUNCATE 1
| #define HAVE_FILENO 1
| #define HAVE_GETPAGESIZE 1
| #define HAVE_MMAP 1
| #define HAVE_GETPAGESIZE 1
| #define HAVE_SYSCONF 1
| #define HAVE_ACCESS 1
| #define HAVE_FACCESSAT 1
| #define HAVE___BUILTIN_EXPECT 1
| #define HAVE___BUILTIN_CLZ 1
| #define HAVE___BUILTIN_CLZL 1
| #define HAVE___BUILTIN_CLZLL 1
| #define HAVE_SNPRINTF 1
| #define HAVE_VSNPRINTF 1
| #define HAVE_STRUCT_STAT 1
| #define HAVE_STAT 1
| #define HAVE_FSTAT 1
| #define HAVE_DECL_STRCASECMP 1
| #define HAVE_DECL_STRICMP 0
| #define HAVE_DECL_STRNCASECMP 1
| #define HAVE_DECL_STRNICMP 0
| #define HAVE_DECL_STRSEP 1
| #define HAVE_DECL_STRLCPY 0
| #define HAVE_DECL_STRNLEN 1
| #define HAVE_DECL_STRRCHRNUL 0
| #define HAVE_UINTPTR_T 1
| #define HAVE_ENDIAN_H 1
| /* end confdefs.h.  */
| #include <stddef.h>
| #ifdef HAVE_STDIO_H
| # include <stdio.h>
| #endif
| #ifdef HAVE_STDLIB_H
| # include <stdlib.h>
| #endif
| #ifdef HAVE_STRING_H
| # include <string.h>
| #endif
| #ifdef HAVE_INTTYPES_H
| # include <inttypes.h>
| #endif
| #ifdef HAVE_STDINT_H
| # include <stdint.h>
| #endif
| #ifdef HAVE_STRINGS_H
| # include <strings.h>
| #endif
| #ifdef HAVE_SYS_TYPES_H
| # include <sys/types.h>
| #endif
| #ifdef HAVE_SYS_STAT_H
| # include <sys/stat.h>
| #endif
| #ifdef HAVE_UNISTD_H
| # include <unistd.h>
| #endif
| #include <string.h>
| #include <stdarg.h>
| #include <endian.h>
| #include <machine/endian.h>
configure:7285: result: no
configure:7296: checking for cpu_to_le16
configure:7308: /home/arnab/Aflplusplus/AFLplusplus/afl-clang-fast -o conftest -g -O2 -std=c17 -Werror=unknown-warning-option -fwrapv -ftrivial-auto-var-init=zero -U__STRICT_ANSI__ -fno-common   conftest.c  >&5
conftest.c:132:11: error: call to undeclared function 'cpu_to_le16'; ISO C99 and later do not support implicit function declarations [-Wimplicit-function-declaration]
  132 |     (void)cpu_to_le16(0);
      |           ^
1 error generated.
configure:7308: $? = 1
configure: failed program was:
| /* confdefs.h */
| #define PACKAGE_NAME ""
| #define PACKAGE_TARNAME ""
| #define PACKAGE_VERSION ""
| #define PACKAGE_STRING ""
| #define PACKAGE_BUGREPORT ""
| #define PACKAGE_URL ""
| #define HAVE_STDIO_H 1
| #define HAVE_STDLIB_H 1
| #define HAVE_STRING_H 1
| #define HAVE_INTTYPES_H 1
| #define HAVE_STDINT_H 1
| #define HAVE_STRINGS_H 1
| #define HAVE_SYS_STAT_H 1
| #define HAVE_SYS_TYPES_H 1
| #define HAVE_UNISTD_H 1
| #define HAVE_WCHAR_H 1
| #define HAVE_SYS_PARAM_H 1
| #define STDC_HEADERS 1
| #define _ALL_SOURCE 1
| #define _DARWIN_C_SOURCE 1
| #define _GNU_SOURCE 1
| #define _HPUX_ALT_XOPEN_SOCKET_API 1
| #define _NETBSD_SOURCE 1
| #define _OPENBSD_SOURCE 1
| #define _POSIX_PTHREAD_SEMANTICS 1
| #define __STDC_WANT_IEC_60559_ATTRIBS_EXT__ 1
| #define __STDC_WANT_IEC_60559_BFP_EXT__ 1
| #define __STDC_WANT_IEC_60559_DFP_EXT__ 1
| #define __STDC_WANT_IEC_60559_FUNCS_EXT__ 1
| #define __STDC_WANT_IEC_60559_TYPES_EXT__ 1
| #define __STDC_WANT_LIB_EXT2__ 1
| #define __STDC_WANT_MATH_SPEC_FUNCS__ 1
| #define _TANDEM_SOURCE 1
| #define __EXTENSIONS__ 1
| #define CFLAGS_STD_C17 1
| #define WORDS_LITTLEENDIAN 1
| #define CFLAGS_WERROR_UNKNOWN_WARNING_OPTION 1
| #define CFLAGS_FWRAPV 1
| #define CFLAGS_FTRIVIAL_AUTO_VAR_INIT_ZERO 1
| #define CFLAGS_U_STRICT_ANSI 1
| #define CFLAGS_FNO_COMMON 1
| #define restrict __restrict__
| #define HAVE_STRING_H 1
| #define HAVE_STDARG_H 1
| #define HAVE_INTTYPES_H 1
| #define HAVE_STRINGS_H 1
| #define HAVE__BOOL 1
| #define HAVE_STDBOOL_H 1
| #define HAVE_STDNORETURN_H 1
| #define HAVE_FCNTL_H 1
| #define HAVE_UNISTD_H 1
| #define HAVE_SYS_MMAN_H 1
| #define HAVE_SYS_TYPES_H 1
| #define HAVE_SYS_STAT_H 1
| #define HAVE_SYS_RESOURCE_H 1
| #define HAVE_STRCASECMP 1
| #define HAVE_STRNCASECMP 1
| #define HAVE_STRSEP 1
| #define HAVE_STRNLEN 1
| #define HAVE_ISCNTRL 1
| #define HAVE_ISASCII 1
| #define HAVE_MEMPCPY 1
| #define HAVE_GETUID 1
| #define HAVE_GETGID 1
| #define HAVE_GETRLIMIT 1
| #define HAVE_REALPATH 1
| #define HAVE_CANONICALIZE_FILE_NAME 1
| #define HAVE_PATHCONF 1
| #define HAVE_FSEEKO 1
| #define HAVE_FTRUNCATE 1
| #define HAVE_FILENO 1
| #define HAVE_GETPAGESIZE 1
| #define HAVE_MMAP 1
| #define HAVE_GETPAGESIZE 1
| #define HAVE_SYSCONF 1
| #define HAVE_ACCESS 1
| #define HAVE_FACCESSAT 1
| #define HAVE___BUILTIN_EXPECT 1
| #define HAVE___BUILTIN_CLZ 1
| #define HAVE___BUILTIN_CLZL 1
| #define HAVE___BUILTIN_CLZLL 1
| #define HAVE_SNPRINTF 1
| #define HAVE_VSNPRINTF 1
| #define HAVE_STRUCT_STAT 1
| #define HAVE_STAT 1
| #define HAVE_FSTAT 1
| #define HAVE_DECL_STRCASECMP 1
| #define HAVE_DECL_STRICMP 0
| #define HAVE_DECL_STRNCASECMP 1
| #define HAVE_DECL_STRNICMP 0
| #define HAVE_DECL_STRSEP 1
| #define HAVE_DECL_STRLCPY 0
| #define HAVE_DECL_STRNLEN 1
| #define HAVE_DECL_STRRCHRNUL 0
| #define HAVE_UINTPTR_T 1
| #define HAVE_ENDIAN_H 1
| /* end confdefs.h.  */
| 
| #include <stddef.h>
| #ifdef HAVE_STDIO_H
| # include <stdio.h>
| #endif
| #ifdef HAVE_STDLIB_H
| # include <stdlib.h>
| #endif
| #ifdef HAVE_STRING_H
| # include <string.h>
| #endif
| #ifdef HAVE_INTTYPES_H
| # include <inttypes.h>
| #endif
| #ifdef HAVE_STDINT_H
| # include <stdint.h>
| #endif
| #ifdef HAVE_STRINGS_H
| # include <strings.h>
| #endif
| #ifdef HAVE_SYS_TYPES_H
| # include <sys/types.h>
| #endif
| #ifdef HAVE_SYS_STAT_H
| # include <sys/stat.h>
| #endif
| #ifdef HAVE_UNISTD_H
| # include <unistd.h>
| #endif
| #include <string.h>
| #include <stdarg.h>
| #include <endian.h>
| int main(void) {
|     (void)cpu_to_le16(0);
|     return 0;
| }
| 
configure:7316: result: no
configure:7322: checking for cpu_to_le32
configure:7334: /home/arnab/Aflplusplus/AFLplusplus/afl-clang-fast -o conftest -g -O2 -std=c17 -Werror=unknown-warning-option -fwrapv -ftrivial-auto-var-init=zero -U__STRICT_ANSI__ -fno-common   conftest.c  >&5
conftest.c:132:11: error: call to undeclared function 'cpu_to_le32'; ISO C99 and later do not support implicit function declarations [-Wimplicit-function-declaration]
  132 |     (void)cpu_to_le32(0);
      |           ^
1 error generated.
configure:7334: $? = 1
configure: failed program was:
| /* confdefs.h */
| #define PACKAGE_NAME ""
| #define PACKAGE_TARNAME ""
| #define PACKAGE_VERSION ""
| #define PACKAGE_STRING ""
| #define PACKAGE_BUGREPORT ""
| #define PACKAGE_URL ""
| #define HAVE_STDIO_H 1
| #define HAVE_STDLIB_H 1
| #define HAVE_STRING_H 1
| #define HAVE_INTTYPES_H 1
| #define HAVE_STDINT_H 1
| #define HAVE_STRINGS_H 1
| #define HAVE_SYS_STAT_H 1
| #define HAVE_SYS_TYPES_H 1
| #define HAVE_UNISTD_H 1
| #define HAVE_WCHAR_H 1
| #define HAVE_SYS_PARAM_H 1
| #define STDC_HEADERS 1
| #define _ALL_SOURCE 1
| #define _DARWIN_C_SOURCE 1
| #define _GNU_SOURCE 1
| #define _HPUX_ALT_XOPEN_SOCKET_API 1
| #define _NETBSD_SOURCE 1
| #define _OPENBSD_SOURCE 1
| #define _POSIX_PTHREAD_SEMANTICS 1
| #define __STDC_WANT_IEC_60559_ATTRIBS_EXT__ 1
| #define __STDC_WANT_IEC_60559_BFP_EXT__ 1
| #define __STDC_WANT_IEC_60559_DFP_EXT__ 1
| #define __STDC_WANT_IEC_60559_FUNCS_EXT__ 1
| #define __STDC_WANT_IEC_60559_TYPES_EXT__ 1
| #define __STDC_WANT_LIB_EXT2__ 1
| #define __STDC_WANT_MATH_SPEC_FUNCS__ 1
| #define _TANDEM_SOURCE 1
| #define __EXTENSIONS__ 1
| #define CFLAGS_STD_C17 1
| #define WORDS_LITTLEENDIAN 1
| #define CFLAGS_WERROR_UNKNOWN_WARNING_OPTION 1
| #define CFLAGS_FWRAPV 1
| #define CFLAGS_FTRIVIAL_AUTO_VAR_INIT_ZERO 1
| #define CFLAGS_U_STRICT_ANSI 1
| #define CFLAGS_FNO_COMMON 1
| #define restrict __restrict__
| #define HAVE_STRING_H 1
| #define HAVE_STDARG_H 1
| #define HAVE_INTTYPES_H 1
| #define HAVE_STRINGS_H 1
| #define HAVE__BOOL 1
| #define HAVE_STDBOOL_H 1
| #define HAVE_STDNORETURN_H 1
| #define HAVE_FCNTL_H 1
| #define HAVE_UNISTD_H 1
| #define HAVE_SYS_MMAN_H 1
| #define HAVE_SYS_TYPES_H 1
| #define HAVE_SYS_STAT_H 1
| #define HAVE_SYS_RESOURCE_H 1
| #define HAVE_STRCASECMP 1
| #define HAVE_STRNCASECMP 1
| #define HAVE_STRSEP 1
| #define HAVE_STRNLEN 1
| #define HAVE_ISCNTRL 1
| #define HAVE_ISASCII 1
| #define HAVE_MEMPCPY 1
| #define HAVE_GETUID 1
| #define HAVE_GETGID 1
| #define HAVE_GETRLIMIT 1
| #define HAVE_REALPATH 1
| #define HAVE_CANONICALIZE_FILE_NAME 1
| #define HAVE_PATHCONF 1
| #define HAVE_FSEEKO 1
| #define HAVE_FTRUNCATE 1
| #define HAVE_FILENO 1
| #define HAVE_GETPAGESIZE 1
| #define HAVE_MMAP 1
| #define HAVE_GETPAGESIZE 1
| #define HAVE_SYSCONF 1
| #define HAVE_ACCESS 1
| #define HAVE_FACCESSAT 1
| #define HAVE___BUILTIN_EXPECT 1
| #define HAVE___BUILTIN_CLZ 1
| #define HAVE___BUILTIN_CLZL 1
| #define HAVE___BUILTIN_CLZLL 1
| #define HAVE_SNPRINTF 1
| #define HAVE_VSNPRINTF 1
| #define HAVE_STRUCT_STAT 1
| #define HAVE_STAT 1
| #define HAVE_FSTAT 1
| #define HAVE_DECL_STRCASECMP 1
| #define HAVE_DECL_STRICMP 0
| #define HAVE_DECL_STRNCASECMP 1
| #define HAVE_DECL_STRNICMP 0
| #define HAVE_DECL_STRSEP 1
| #define HAVE_DECL_STRLCPY 0
| #define HAVE_DECL_STRNLEN 1
| #define HAVE_DECL_STRRCHRNUL 0
| #define HAVE_UINTPTR_T 1
| #define HAVE_ENDIAN_H 1
| /* end confdefs.h.  */
| 
| #include <stddef.h>
| #ifdef HAVE_STDIO_H
| # include <stdio.h>
| #endif
| #ifdef HAVE_STDLIB_H
| # include <stdlib.h>
| #endif
| #ifdef HAVE_STRING_H
| # include <string.h>
| #endif
| #ifdef HAVE_INTTYPES_H
| # include <inttypes.h>
| #endif
| #ifdef HAVE_STDINT_H
| # include <stdint.h>
| #endif
| #ifdef HAVE_STRINGS_H
| # include <strings.h>
| #endif
| #ifdef HAVE_SYS_TYPES_H
| # include <sys/types.h>
| #endif
| #ifdef HAVE_SYS_STAT_H
| # include <sys/stat.h>
| #endif
| #ifdef HAVE_UNISTD_H
| # include <unistd.h>
| #endif
| #include <string.h>
| #include <stdarg.h>
| #include <endian.h>
| int main(void) {
|     (void)cpu_to_le32(0);
|     return 0;
| }
| 
configure:7342: result: no
configure:7348: checking for cpu_to_le64
configure:7360: /home/arnab/Aflplusplus/AFLplusplus/afl-clang-fast -o conftest -g -O2 -std=c17 -Werror=unknown-warning-option -fwrapv -ftrivial-auto-var-init=zero -U__STRICT_ANSI__ -fno-common   conftest.c  >&5
conftest.c:132:11: error: call to undeclared function 'cpu_to_le64'; ISO C99 and later do not support implicit function declarations [-Wimplicit-function-declaration]
  132 |     (void)cpu_to_le64(0);
      |           ^
1 error generated.
configure:7360: $? = 1
configure: failed program was:
| /* confdefs.h */
| #define PACKAGE_NAME ""
| #define PACKAGE_TARNAME ""
| #define PACKAGE_VERSION ""
| #define PACKAGE_STRING ""
| #define PACKAGE_BUGREPORT ""
| #define PACKAGE_URL ""
| #define HAVE_STDIO_H 1
| #define HAVE_STDLIB_H 1
| #define HAVE_STRING_H 1
| #define HAVE_INTTYPES_H 1
| #define HAVE_STDINT_H 1
| #define HAVE_STRINGS_H 1
| #define HAVE_SYS_STAT_H 1
| #define HAVE_SYS_TYPES_H 1
| #define HAVE_UNISTD_H 1
| #define HAVE_WCHAR_H 1
| #define HAVE_SYS_PARAM_H 1
| #define STDC_HEADERS 1
| #define _ALL_SOURCE 1
| #define _DARWIN_C_SOURCE 1
| #define _GNU_SOURCE 1
| #define _HPUX_ALT_XOPEN_SOCKET_API 1
| #define _NETBSD_SOURCE 1
| #define _OPENBSD_SOURCE 1
| #define _POSIX_PTHREAD_SEMANTICS 1
| #define __STDC_WANT_IEC_60559_ATTRIBS_EXT__ 1
| #define __STDC_WANT_IEC_60559_BFP_EXT__ 1
| #define __STDC_WANT_IEC_60559_DFP_EXT__ 1
| #define __STDC_WANT_IEC_60559_FUNCS_EXT__ 1
| #define __STDC_WANT_IEC_60559_TYPES_EXT__ 1
| #define __STDC_WANT_LIB_EXT2__ 1
| #define __STDC_WANT_MATH_SPEC_FUNCS__ 1
| #define _TANDEM_SOURCE 1
| #define __EXTENSIONS__ 1
| #define CFLAGS_STD_C17 1
| #define WORDS_LITTLEENDIAN 1
| #define CFLAGS_WERROR_UNKNOWN_WARNING_OPTION 1
| #define CFLAGS_FWRAPV 1
| #define CFLAGS_FTRIVIAL_AUTO_VAR_INIT_ZERO 1
| #define CFLAGS_U_STRICT_ANSI 1
| #define CFLAGS_FNO_COMMON 1
| #define restrict __restrict__
| #define HAVE_STRING_H 1
| #define HAVE_STDARG_H 1
| #define HAVE_INTTYPES_H 1
| #define HAVE_STRINGS_H 1
| #define HAVE__BOOL 1
| #define HAVE_STDBOOL_H 1
| #define HAVE_STDNORETURN_H 1
| #define HAVE_FCNTL_H 1
| #define HAVE_UNISTD_H 1
| #define HAVE_SYS_MMAN_H 1
| #define HAVE_SYS_TYPES_H 1
| #define HAVE_SYS_STAT_H 1
| #define HAVE_SYS_RESOURCE_H 1
| #define HAVE_STRCASECMP 1
| #define HAVE_STRNCASECMP 1
| #define HAVE_STRSEP 1
| #define HAVE_STRNLEN 1
| #define HAVE_ISCNTRL 1
| #define HAVE_ISASCII 1
| #define HAVE_MEMPCPY 1
| #define HAVE_GETUID 1
| #define HAVE_GETGID 1
| #define HAVE_GETRLIMIT 1
| #define HAVE_REALPATH 1
| #define HAVE_CANONICALIZE_FILE_NAME 1
| #define HAVE_PATHCONF 1
| #define HAVE_FSEEKO 1
| #define HAVE_FTRUNCATE 1
| #define HAVE_FILENO 1
| #define HAVE_GETPAGESIZE 1
| #define HAVE_MMAP 1
| #define HAVE_GETPAGESIZE 1
| #define HAVE_SYSCONF 1
| #define HAVE_ACCESS 1
| #define HAVE_FACCESSAT 1
| #define HAVE___BUILTIN_EXPECT 1
| #define HAVE___BUILTIN_CLZ 1
| #define HAVE___BUILTIN_CLZL 1
| #define HAVE___BUILTIN_CLZLL 1
| #define HAVE_SNPRINTF 1
| #define HAVE_VSNPRINTF 1
| #define HAVE_STRUCT_STAT 1
| #define HAVE_STAT 1
| #define HAVE_FSTAT 1
| #define HAVE_DECL_STRCASECMP 1
| #define HAVE_DECL_STRICMP 0
| #define HAVE_DECL_STRNCASECMP 1
| #define HAVE_DECL_STRNICMP 0
| #define HAVE_DECL_STRSEP 1
| #define HAVE_DECL_STRLCPY 0
| #define HAVE_DECL_STRNLEN 1
| #define HAVE_DECL_STRRCHRNUL 0
| #define HAVE_UINTPTR_T 1
| #define HAVE_ENDIAN_H 1
| /* end confdefs.h.  */
| 
| #include <stddef.h>
| #ifdef HAVE_STDIO_H
| # include <stdio.h>
| #endif
| #ifdef HAVE_STDLIB_H
| # include <stdlib.h>
| #endif
| #ifdef HAVE_STRING_H
| # include <string.h>
| #endif
| #ifdef HAVE_INTTYPES_H
| # include <inttypes.h>
| #endif
| #ifdef HAVE_STDINT_H
| # include <stdint.h>
| #endif
| #ifdef HAVE_STRINGS_H
| # include <strings.h>
| #endif
| #ifdef HAVE_SYS_TYPES_H
| # include <sys/types.h>
| #endif
| #ifdef HAVE_SYS_STAT_H
| # include <sys/stat.h>
| #endif
| #ifdef HAVE_UNISTD_H
| # include <unistd.h>
| #endif
| #include <string.h>
| #include <stdarg.h>
| #include <endian.h>
| int main(void) {
|     (void)cpu_to_le64(0);
|     return 0;
| }
| 
configure:7368: result: no
configure:7374: checking for __cpu_to_le16
configure:7386: /home/arnab/Aflplusplus/AFLplusplus/afl-clang-fast -o conftest -g -O2 -std=c17 -Werror=unknown-warning-option -fwrapv -ftrivial-auto-var-init=zero -U__STRICT_ANSI__ -fno-common   conftest.c  >&5
conftest.c:132:11: error: call to undeclared function '__cpu_to_le16'; ISO C99 and later do not support implicit function declarations [-Wimplicit-function-declaration]
  132 |     (void)__cpu_to_le16(0);
      |           ^
1 error generated.
configure:7386: $? = 1
configure: failed program was:
| /* confdefs.h */
| #define PACKAGE_NAME ""
| #define PACKAGE_TARNAME ""
| #define PACKAGE_VERSION ""
| #define PACKAGE_STRING ""
| #define PACKAGE_BUGREPORT ""
| #define PACKAGE_URL ""
| #define HAVE_STDIO_H 1
| #define HAVE_STDLIB_H 1
| #define HAVE_STRING_H 1
| #define HAVE_INTTYPES_H 1
| #define HAVE_STDINT_H 1
| #define HAVE_STRINGS_H 1
| #define HAVE_SYS_STAT_H 1
| #define HAVE_SYS_TYPES_H 1
| #define HAVE_UNISTD_H 1
| #define HAVE_WCHAR_H 1
| #define HAVE_SYS_PARAM_H 1
| #define STDC_HEADERS 1
| #define _ALL_SOURCE 1
| #define _DARWIN_C_SOURCE 1
| #define _GNU_SOURCE 1
| #define _HPUX_ALT_XOPEN_SOCKET_API 1
| #define _NETBSD_SOURCE 1
| #define _OPENBSD_SOURCE 1
| #define _POSIX_PTHREAD_SEMANTICS 1
| #define __STDC_WANT_IEC_60559_ATTRIBS_EXT__ 1
| #define __STDC_WANT_IEC_60559_BFP_EXT__ 1
| #define __STDC_WANT_IEC_60559_DFP_EXT__ 1
| #define __STDC_WANT_IEC_60559_FUNCS_EXT__ 1
| #define __STDC_WANT_IEC_60559_TYPES_EXT__ 1
| #define __STDC_WANT_LIB_EXT2__ 1
| #define __STDC_WANT_MATH_SPEC_FUNCS__ 1
| #define _TANDEM_SOURCE 1
| #define __EXTENSIONS__ 1
| #define CFLAGS_STD_C17 1
| #define WORDS_LITTLEENDIAN 1
| #define CFLAGS_WERROR_UNKNOWN_WARNING_OPTION 1
| #define CFLAGS_FWRAPV 1
| #define CFLAGS_FTRIVIAL_AUTO_VAR_INIT_ZERO 1
| #define CFLAGS_U_STRICT_ANSI 1
| #define CFLAGS_FNO_COMMON 1
| #define restrict __restrict__
| #define HAVE_STRING_H 1
| #define HAVE_STDARG_H 1
| #define HAVE_INTTYPES_H 1
| #define HAVE_STRINGS_H 1
| #define HAVE__BOOL 1
| #define HAVE_STDBOOL_H 1
| #define HAVE_STDNORETURN_H 1
| #define HAVE_FCNTL_H 1
| #define HAVE_UNISTD_H 1
| #define HAVE_SYS_MMAN_H 1
| #define HAVE_SYS_TYPES_H 1
| #define HAVE_SYS_STAT_H 1
| #define HAVE_SYS_RESOURCE_H 1
| #define HAVE_STRCASECMP 1
| #define HAVE_STRNCASECMP 1
| #define HAVE_STRSEP 1
| #define HAVE_STRNLEN 1
| #define HAVE_ISCNTRL 1
| #define HAVE_ISASCII 1
| #define HAVE_MEMPCPY 1
| #define HAVE_GETUID 1
| #define HAVE_GETGID 1
| #define HAVE_GETRLIMIT 1
| #define HAVE_REALPATH 1
| #define HAVE_CANONICALIZE_FILE_NAME 1
| #define HAVE_PATHCONF 1
| #define HAVE_FSEEKO 1
| #define HAVE_FTRUNCATE 1
| #define HAVE_FILENO 1
| #define HAVE_GETPAGESIZE 1
| #define HAVE_MMAP 1
| #define HAVE_GETPAGESIZE 1
| #define HAVE_SYSCONF 1
| #define HAVE_ACCESS 1
| #define HAVE_FACCESSAT 1
| #define HAVE___BUILTIN_EXPECT 1
| #define HAVE___BUILTIN_CLZ 1
| #define HAVE___BUILTIN_CLZL 1
| #define HAVE___BUILTIN_CLZLL 1
| #define HAVE_SNPRINTF 1
| #define HAVE_VSNPRINTF 1
| #define HAVE_STRUCT_STAT 1
| #define HAVE_STAT 1
| #define HAVE_FSTAT 1
| #define HAVE_DECL_STRCASECMP 1
| #define HAVE_DECL_STRICMP 0
| #define HAVE_DECL_STRNCASECMP 1
| #define HAVE_DECL_STRNICMP 0
| #define HAVE_DECL_STRSEP 1
| #define HAVE_DECL_STRLCPY 0
| #define HAVE_DECL_STRNLEN 1
| #define HAVE_DECL_STRRCHRNUL 0
| #define HAVE_UINTPTR_T 1
| #define HAVE_ENDIAN_H 1
| /* end confdefs.h.  */
| 
| #include <stddef.h>
| #ifdef HAVE_STDIO_H
| # include <stdio.h>
| #endif
| #ifdef HAVE_STDLIB_H
| # include <stdlib.h>
| #endif
| #ifdef HAVE_STRING_H
| # include <string.h>
| #endif
| #ifdef HAVE_INTTYPES_H
| # include <inttypes.h>
| #endif
| #ifdef HAVE_STDINT_H
| # include <stdint.h>
| #endif
| #ifdef HAVE_STRINGS_H
| # include <strings.h>
| #endif
| #ifdef HAVE_SYS_TYPES_H
| # include <sys/types.h>
| #endif
| #ifdef HAVE_SYS_STAT_H
| # include <sys/stat.h>
| #endif
| #ifdef HAVE_UNISTD_H
| # include <unistd.h>
| #endif
| #include <string.h>
| #include <stdarg.h>
| #include <endian.h>
| int main(void) {
|     (void)__cpu_to_le16(0);
|     return 0;
| }
| 
configure:7394: result: no
configure:7400: checking for __cpu_to_le32
configure:7412: /home/arnab/Aflplusplus/AFLplusplus/afl-clang-fast -o conftest -g -O2 -std=c17 -Werror=unknown-warning-option -fwrapv -ftrivial-auto-var-init=zero -U__STRICT_ANSI__ -fno-common   conftest.c  >&5
conftest.c:132:11: error: call to undeclared function '__cpu_to_le32'; ISO C99 and later do not support implicit function declarations [-Wimplicit-function-declaration]
  132 |     (void)__cpu_to_le32(0);
      |           ^
1 error generated.
configure:7412: $? = 1
configure: failed program was:
| /* confdefs.h */
| #define PACKAGE_NAME ""
| #define PACKAGE_TARNAME ""
| #define PACKAGE_VERSION ""
| #define PACKAGE_STRING ""
| #define PACKAGE_BUGREPORT ""
| #define PACKAGE_URL ""
| #define HAVE_STDIO_H 1
| #define HAVE_STDLIB_H 1
| #define HAVE_STRING_H 1
| #define HAVE_INTTYPES_H 1
| #define HAVE_STDINT_H 1
| #define HAVE_STRINGS_H 1
| #define HAVE_SYS_STAT_H 1
| #define HAVE_SYS_TYPES_H 1
| #define HAVE_UNISTD_H 1
| #define HAVE_WCHAR_H 1
| #define HAVE_SYS_PARAM_H 1
| #define STDC_HEADERS 1
| #define _ALL_SOURCE 1
| #define _DARWIN_C_SOURCE 1
| #define _GNU_SOURCE 1
| #define _HPUX_ALT_XOPEN_SOCKET_API 1
| #define _NETBSD_SOURCE 1
| #define _OPENBSD_SOURCE 1
| #define _POSIX_PTHREAD_SEMANTICS 1
| #define __STDC_WANT_IEC_60559_ATTRIBS_EXT__ 1
| #define __STDC_WANT_IEC_60559_BFP_EXT__ 1
| #define __STDC_WANT_IEC_60559_DFP_EXT__ 1
| #define __STDC_WANT_IEC_60559_FUNCS_EXT__ 1
| #define __STDC_WANT_IEC_60559_TYPES_EXT__ 1
| #define __STDC_WANT_LIB_EXT2__ 1
| #define __STDC_WANT_MATH_SPEC_FUNCS__ 1
| #define _TANDEM_SOURCE 1
| #define __EXTENSIONS__ 1
| #define CFLAGS_STD_C17 1
| #define WORDS_LITTLEENDIAN 1
| #define CFLAGS_WERROR_UNKNOWN_WARNING_OPTION 1
| #define CFLAGS_FWRAPV 1
| #define CFLAGS_FTRIVIAL_AUTO_VAR_INIT_ZERO 1
| #define CFLAGS_U_STRICT_ANSI 1
| #define CFLAGS_FNO_COMMON 1
| #define restrict __restrict__
| #define HAVE_STRING_H 1
| #define HAVE_STDARG_H 1
| #define HAVE_INTTYPES_H 1
| #define HAVE_STRINGS_H 1
| #define HAVE__BOOL 1
| #define HAVE_STDBOOL_H 1
| #define HAVE_STDNORETURN_H 1
| #define HAVE_FCNTL_H 1
| #define HAVE_UNISTD_H 1
| #define HAVE_SYS_MMAN_H 1
| #define HAVE_SYS_TYPES_H 1
| #define HAVE_SYS_STAT_H 1
| #define HAVE_SYS_RESOURCE_H 1
| #define HAVE_STRCASECMP 1
| #define HAVE_STRNCASECMP 1
| #define HAVE_STRSEP 1
| #define HAVE_STRNLEN 1
| #define HAVE_ISCNTRL 1
| #define HAVE_ISASCII 1
| #define HAVE_MEMPCPY 1
| #define HAVE_GETUID 1
| #define HAVE_GETGID 1
| #define HAVE_GETRLIMIT 1
| #define HAVE_REALPATH 1
| #define HAVE_CANONICALIZE_FILE_NAME 1
| #define HAVE_PATHCONF 1
| #define HAVE_FSEEKO 1
| #define HAVE_FTRUNCATE 1
| #define HAVE_FILENO 1
| #define HAVE_GETPAGESIZE 1
| #define HAVE_MMAP 1
| #define HAVE_GETPAGESIZE 1
| #define HAVE_SYSCONF 1
| #define HAVE_ACCESS 1
| #define HAVE_FACCESSAT 1
| #define HAVE___BUILTIN_EXPECT 1
| #define HAVE___BUILTIN_CLZ 1
| #define HAVE___BUILTIN_CLZL 1
| #define HAVE___BUILTIN_CLZLL 1
| #define HAVE_SNPRINTF 1
| #define HAVE_VSNPRINTF 1
| #define HAVE_STRUCT_STAT 1
| #define HAVE_STAT 1
| #define HAVE_FSTAT 1
| #define HAVE_DECL_STRCASECMP 1
| #define HAVE_DECL_STRICMP 0
| #define HAVE_DECL_STRNCASECMP 1
| #define HAVE_DECL_STRNICMP 0
| #define HAVE_DECL_STRSEP 1
| #define HAVE_DECL_STRLCPY 0
| #define HAVE_DECL_STRNLEN 1
| #define HAVE_DECL_STRRCHRNUL 0
| #define HAVE_UINTPTR_T 1
| #define HAVE_ENDIAN_H 1
| /* end confdefs.h.  */
| 
| #include <stddef.h>
| #ifdef HAVE_STDIO_H
| # include <stdio.h>
| #endif
| #ifdef HAVE_STDLIB_H
| # include <stdlib.h>
| #endif
| #ifdef HAVE_STRING_H
| # include <string.h>
| #endif
| #ifdef HAVE_INTTYPES_H
| # include <inttypes.h>
| #endif
| #ifdef HAVE_STDINT_H
| # include <stdint.h>
| #endif
| #ifdef HAVE_STRINGS_H
| # include <strings.h>
| #endif
| #ifdef HAVE_SYS_TYPES_H
| # include <sys/types.h>
| #endif
| #ifdef HAVE_SYS_STAT_H
| # include <sys/stat.h>
| #endif
| #ifdef HAVE_UNISTD_H
| # include <unistd.h>
| #endif
| #include <string.h>
| #include <stdarg.h>
| #include <endian.h>
| int main(void) {
|     (void)__cpu_to_le32(0);
|     return 0;
| }
| 
configure:7420: result: no
configure:7426: checking for __cpu_to_le64
configure:7438: /home/arnab/Aflplusplus/AFLplusplus/afl-clang-fast -o conftest -g -O2 -std=c17 -Werror=unknown-warning-option -fwrapv -ftrivial-auto-var-init=zero -U__STRICT_ANSI__ -fno-common   conftest.c  >&5
conftest.c:132:11: error: call to undeclared function '__cpu_to_le64'; ISO C99 and later do not support implicit function declarations [-Wimplicit-function-declaration]
  132 |     (void)__cpu_to_le64(0);
      |           ^
1 error generated.
configure:7438: $? = 1
configure: failed program was:
| /* confdefs.h */
| #define PACKAGE_NAME ""
| #define PACKAGE_TARNAME ""
| #define PACKAGE_VERSION ""
| #define PACKAGE_STRING ""
| #define PACKAGE_BUGREPORT ""
| #define PACKAGE_URL ""
| #define HAVE_STDIO_H 1
| #define HAVE_STDLIB_H 1
| #define HAVE_STRING_H 1
| #define HAVE_INTTYPES_H 1
| #define HAVE_STDINT_H 1
| #define HAVE_STRINGS_H 1
| #define HAVE_SYS_STAT_H 1
| #define HAVE_SYS_TYPES_H 1
| #define HAVE_UNISTD_H 1
| #define HAVE_WCHAR_H 1
| #define HAVE_SYS_PARAM_H 1
| #define STDC_HEADERS 1
| #define _ALL_SOURCE 1
| #define _DARWIN_C_SOURCE 1
| #define _GNU_SOURCE 1
| #define _HPUX_ALT_XOPEN_SOCKET_API 1
| #define _NETBSD_SOURCE 1
| #define _OPENBSD_SOURCE 1
| #define _POSIX_PTHREAD_SEMANTICS 1
| #define __STDC_WANT_IEC_60559_ATTRIBS_EXT__ 1
| #define __STDC_WANT_IEC_60559_BFP_EXT__ 1
| #define __STDC_WANT_IEC_60559_DFP_EXT__ 1
| #define __STDC_WANT_IEC_60559_FUNCS_EXT__ 1
| #define __STDC_WANT_IEC_60559_TYPES_EXT__ 1
| #define __STDC_WANT_LIB_EXT2__ 1
| #define __STDC_WANT_MATH_SPEC_FUNCS__ 1
| #define _TANDEM_SOURCE 1
| #define __EXTENSIONS__ 1
| #define CFLAGS_STD_C17 1
| #define WORDS_LITTLEENDIAN 1
| #define CFLAGS_WERROR_UNKNOWN_WARNING_OPTION 1
| #define CFLAGS_FWRAPV 1
| #define CFLAGS_FTRIVIAL_AUTO_VAR_INIT_ZERO 1
| #define CFLAGS_U_STRICT_ANSI 1
| #define CFLAGS_FNO_COMMON 1
| #define restrict __restrict__
| #define HAVE_STRING_H 1
| #define HAVE_STDARG_H 1
| #define HAVE_INTTYPES_H 1
| #define HAVE_STRINGS_H 1
| #define HAVE__BOOL 1
| #define HAVE_STDBOOL_H 1
| #define HAVE_STDNORETURN_H 1
| #define HAVE_FCNTL_H 1
| #define HAVE_UNISTD_H 1
| #define HAVE_SYS_MMAN_H 1
| #define HAVE_SYS_TYPES_H 1
| #define HAVE_SYS_STAT_H 1
| #define HAVE_SYS_RESOURCE_H 1
| #define HAVE_STRCASECMP 1
| #define HAVE_STRNCASECMP 1
| #define HAVE_STRSEP 1
| #define HAVE_STRNLEN 1
| #define HAVE_ISCNTRL 1
| #define HAVE_ISASCII 1
| #define HAVE_MEMPCPY 1
| #define HAVE_GETUID 1
| #define HAVE_GETGID 1
| #define HAVE_GETRLIMIT 1
| #define HAVE_REALPATH 1
| #define HAVE_CANONICALIZE_FILE_NAME 1
| #define HAVE_PATHCONF 1
| #define HAVE_FSEEKO 1
| #define HAVE_FTRUNCATE 1
| #define HAVE_FILENO 1
| #define HAVE_GETPAGESIZE 1
| #define HAVE_MMAP 1
| #define HAVE_GETPAGESIZE 1
| #define HAVE_SYSCONF 1
| #define HAVE_ACCESS 1
| #define HAVE_FACCESSAT 1
| #define HAVE___BUILTIN_EXPECT 1
| #define HAVE___BUILTIN_CLZ 1
| #define HAVE___BUILTIN_CLZL 1
| #define HAVE___BUILTIN_CLZLL 1
| #define HAVE_SNPRINTF 1
| #define HAVE_VSNPRINTF 1
| #define HAVE_STRUCT_STAT 1
| #define HAVE_STAT 1
| #define HAVE_FSTAT 1
| #define HAVE_DECL_STRCASECMP 1
| #define HAVE_DECL_STRICMP 0
| #define HAVE_DECL_STRNCASECMP 1
| #define HAVE_DECL_STRNICMP 0
| #define HAVE_DECL_STRSEP 1
| #define HAVE_DECL_STRLCPY 0
| #define HAVE_DECL_STRNLEN 1
| #define HAVE_DECL_STRRCHRNUL 0
| #define HAVE_UINTPTR_T 1
| #define HAVE_ENDIAN_H 1
| /* end confdefs.h.  */
| 
| #include <stddef.h>
| #ifdef HAVE_STDIO_H
| # include <stdio.h>
| #endif
| #ifdef HAVE_STDLIB_H
| # include <stdlib.h>
| #endif
| #ifdef HAVE_STRING_H
| # include <string.h>
| #endif
| #ifdef HAVE_INTTYPES_H
| # include <inttypes.h>
| #endif
| #ifdef HAVE_STDINT_H
| # include <stdint.h>
| #endif
| #ifdef HAVE_STRINGS_H
| # include <strings.h>
| #endif
| #ifdef HAVE_SYS_TYPES_H
| # include <sys/types.h>
| #endif
| #ifdef HAVE_SYS_STAT_H
| # include <sys/stat.h>
| #endif
| #ifdef HAVE_UNISTD_H
| # include <unistd.h>
| #endif
| #include <string.h>
| #include <stdarg.h>
| #include <endian.h>
| int main(void) {
|     (void)__cpu_to_le64(0);
|     return 0;
| }
| 
configure:7446: result: no
configure:7452: checking for htole16
configure:7464: /home/arnab/Aflplusplus/AFLplusplus/afl-clang-fast -o conftest -g -O2 -std=c17 -Werror=unknown-warning-option -fwrapv -ftrivial-auto-var-init=zero -U__STRICT_ANSI__ -fno-common   conftest.c  >&5
configure:7464: $? = 0
configure:7466: result: yes
configure:7478: checking for htole32
configure:7490: /home/arnab/Aflplusplus/AFLplusplus/afl-clang-fast -o conftest -g -O2 -std=c17 -Werror=unknown-warning-option -fwrapv -ftrivial-auto-var-init=zero -U__STRICT_ANSI__ -fno-common   conftest.c  >&5
configure:7490: $? = 0
configure:7492: result: yes
configure:7504: checking for htole64
configure:7516: /home/arnab/Aflplusplus/AFLplusplus/afl-clang-fast -o conftest -g -O2 -std=c17 -Werror=unknown-warning-option -fwrapv -ftrivial-auto-var-init=zero -U__STRICT_ANSI__ -fno-common   conftest.c  >&5
configure:7516: $? = 0
configure:7518: result: yes
configure:7530: checking for __bswap_16
configure:7542: /home/arnab/Aflplusplus/AFLplusplus/afl-clang-fast -o conftest -g -O2 -std=c17 -Werror=unknown-warning-option -fwrapv -ftrivial-auto-var-init=zero -U__STRICT_ANSI__ -fno-common   conftest.c  >&5
configure:7542: $? = 0
configure:7544: result: yes
configure:7556: checking for __bswap_32
configure:7568: /home/arnab/Aflplusplus/AFLplusplus/afl-clang-fast -o conftest -g -O2 -std=c17 -Werror=unknown-warning-option -fwrapv -ftrivial-auto-var-init=zero -U__STRICT_ANSI__ -fno-common   conftest.c  >&5
configure:7568: $? = 0
configure:7570: result: yes
configure:7582: checking for __bswap_64
configure:7594: /home/arnab/Aflplusplus/AFLplusplus/afl-clang-fast -o conftest -g -O2 -std=c17 -Werror=unknown-warning-option -fwrapv -ftrivial-auto-var-init=zero -U__STRICT_ANSI__ -fno-common   conftest.c  >&5
configure:7594: $? = 0
configure:7596: result: yes
configure:7608: checking for __builtin_bswap16
configure:7620: /home/arnab/Aflplusplus/AFLplusplus/afl-clang-fast -o conftest -g -O2 -std=c17 -Werror=unknown-warning-option -fwrapv -ftrivial-auto-var-init=zero -U__STRICT_ANSI__ -fno-common   conftest.c  >&5
configure:7620: $? = 0
configure:7622: result: yes
configure:7634: checking for __builtin_bswap32
configure:7646: /home/arnab/Aflplusplus/AFLplusplus/afl-clang-fast -o conftest -g -O2 -std=c17 -Werror=unknown-warning-option -fwrapv -ftrivial-auto-var-init=zero -U__STRICT_ANSI__ -fno-common   conftest.c  >&5
configure:7646: $? = 0
configure:7648: result: yes
configure:7660: checking for __builtin_bswap64
configure:7672: /home/arnab/Aflplusplus/AFLplusplus/afl-clang-fast -o conftest -g -O2 -std=c17 -Werror=unknown-warning-option -fwrapv -ftrivial-auto-var-init=zero -U__STRICT_ANSI__ -fno-common   conftest.c  >&5
configure:7672: $? = 0
configure:7674: result: yes
configure:7686: checking for _byteswap_ushort
configure:7698: /home/arnab/Aflplusplus/AFLplusplus/afl-clang-fast -o conftest -g -O2 -std=c17 -Werror=unknown-warning-option -fwrapv -ftrivial-auto-var-init=zero -U__STRICT_ANSI__ -fno-common   conftest.c  >&5
conftest.c:141:11: error: call to undeclared function '_byteswap_ushort'; ISO C99 and later do not support implicit function declarations [-Wimplicit-function-declaration]
  141 |     (void)_byteswap_ushort(0);
      |           ^
1 error generated.
configure:7698: $? = 1
configure: failed program was:
| /* confdefs.h */
| #define PACKAGE_NAME ""
| #define PACKAGE_TARNAME ""
| #define PACKAGE_VERSION ""
| #define PACKAGE_STRING ""
| #define PACKAGE_BUGREPORT ""
| #define PACKAGE_URL ""
| #define HAVE_STDIO_H 1
| #define HAVE_STDLIB_H 1
| #define HAVE_STRING_H 1
| #define HAVE_INTTYPES_H 1
| #define HAVE_STDINT_H 1
| #define HAVE_STRINGS_H 1
| #define HAVE_SYS_STAT_H 1
| #define HAVE_SYS_TYPES_H 1
| #define HAVE_UNISTD_H 1
| #define HAVE_WCHAR_H 1
| #define HAVE_SYS_PARAM_H 1
| #define STDC_HEADERS 1
| #define _ALL_SOURCE 1
| #define _DARWIN_C_SOURCE 1
| #define _GNU_SOURCE 1
| #define _HPUX_ALT_XOPEN_SOCKET_API 1
| #define _NETBSD_SOURCE 1
| #define _OPENBSD_SOURCE 1
| #define _POSIX_PTHREAD_SEMANTICS 1
| #define __STDC_WANT_IEC_60559_ATTRIBS_EXT__ 1
| #define __STDC_WANT_IEC_60559_BFP_EXT__ 1
| #define __STDC_WANT_IEC_60559_DFP_EXT__ 1
| #define __STDC_WANT_IEC_60559_FUNCS_EXT__ 1
| #define __STDC_WANT_IEC_60559_TYPES_EXT__ 1
| #define __STDC_WANT_LIB_EXT2__ 1
| #define __STDC_WANT_MATH_SPEC_FUNCS__ 1
| #define _TANDEM_SOURCE 1
| #define __EXTENSIONS__ 1
| #define CFLAGS_STD_C17 1
| #define WORDS_LITTLEENDIAN 1
| #define CFLAGS_WERROR_UNKNOWN_WARNING_OPTION 1
| #define CFLAGS_FWRAPV 1
| #define CFLAGS_FTRIVIAL_AUTO_VAR_INIT_ZERO 1
| #define CFLAGS_U_STRICT_ANSI 1
| #define CFLAGS_FNO_COMMON 1
| #define restrict __restrict__
| #define HAVE_STRING_H 1
| #define HAVE_STDARG_H 1
| #define HAVE_INTTYPES_H 1
| #define HAVE_STRINGS_H 1
| #define HAVE__BOOL 1
| #define HAVE_STDBOOL_H 1
| #define HAVE_STDNORETURN_H 1
| #define HAVE_FCNTL_H 1
| #define HAVE_UNISTD_H 1
| #define HAVE_SYS_MMAN_H 1
| #define HAVE_SYS_TYPES_H 1
| #define HAVE_SYS_STAT_H 1
| #define HAVE_SYS_RESOURCE_H 1
| #define HAVE_STRCASECMP 1
| #define HAVE_STRNCASECMP 1
| #define HAVE_STRSEP 1
| #define HAVE_STRNLEN 1
| #define HAVE_ISCNTRL 1
| #define HAVE_ISASCII 1
| #define HAVE_MEMPCPY 1
| #define HAVE_GETUID 1
| #define HAVE_GETGID 1
| #define HAVE_GETRLIMIT 1
| #define HAVE_REALPATH 1
| #define HAVE_CANONICALIZE_FILE_NAME 1
| #define HAVE_PATHCONF 1
| #define HAVE_FSEEKO 1
| #define HAVE_FTRUNCATE 1
| #define HAVE_FILENO 1
| #define HAVE_GETPAGESIZE 1
| #define HAVE_MMAP 1
| #define HAVE_GETPAGESIZE 1
| #define HAVE_SYSCONF 1
| #define HAVE_ACCESS 1
| #define HAVE_FACCESSAT 1
| #define HAVE___BUILTIN_EXPECT 1
| #define HAVE___BUILTIN_CLZ 1
| #define HAVE___BUILTIN_CLZL 1
| #define HAVE___BUILTIN_CLZLL 1
| #define HAVE_SNPRINTF 1
| #define HAVE_VSNPRINTF 1
| #define HAVE_STRUCT_STAT 1
| #define HAVE_STAT 1
| #define HAVE_FSTAT 1
| #define HAVE_DECL_STRCASECMP 1
| #define HAVE_DECL_STRICMP 0
| #define HAVE_DECL_STRNCASECMP 1
| #define HAVE_DECL_STRNICMP 0
| #define HAVE_DECL_STRSEP 1
| #define HAVE_DECL_STRLCPY 0
| #define HAVE_DECL_STRNLEN 1
| #define HAVE_DECL_STRRCHRNUL 0
| #define HAVE_UINTPTR_T 1
| #define HAVE_ENDIAN_H 1
| #define HAVE_HTOLE16 1
| #define HAVE_HTOLE32 1
| #define HAVE_HTOLE64 1
| #define HAVE___BSWAP_16 1
| #define HAVE___BSWAP_32 1
| #define HAVE___BSWAP_64 1
| #define HAVE___BUILTIN_BSWAP16 1
| #define HAVE___BUILTIN_BSWAP32 1
| #define HAVE___BUILTIN_BSWAP64 1
| /* end confdefs.h.  */
| 
| #include <stddef.h>
| #ifdef HAVE_STDIO_H
| # include <stdio.h>
| #endif
| #ifdef HAVE_STDLIB_H
| # include <stdlib.h>
| #endif
| #ifdef HAVE_STRING_H
| # include <string.h>
| #endif
| #ifdef HAVE_INTTYPES_H
| # include <inttypes.h>
| #endif
| #ifdef HAVE_STDINT_H
| # include <stdint.h>
| #endif
| #ifdef HAVE_STRINGS_H
| # include <strings.h>
| #endif
| #ifdef HAVE_SYS_TYPES_H
| # include <sys/types.h>
| #endif
| #ifdef HAVE_SYS_STAT_H
| # include <sys/stat.h>
| #endif
| #ifdef HAVE_UNISTD_H
| # include <unistd.h>
| #endif
| #include <string.h>
| #include <stdarg.h>
| #include <endian.h>
| int main(void) {
|     (void)_byteswap_ushort(0);
|     return 0;
| }
| 
configure:7706: result: no
configure:7712: checking for _byteswap_ulong
configure:7724: /home/arnab/Aflplusplus/AFLplusplus/afl-clang-fast -o conftest -g -O2 -std=c17 -Werror=unknown-warning-option -fwrapv -ftrivial-auto-var-init=zero -U__STRICT_ANSI__ -fno-common   conftest.c  >&5
conftest.c:141:11: error: call to undeclared function '_byteswap_ulong'; ISO C99 and later do not support implicit function declarations [-Wimplicit-function-declaration]
  141 |     (void)_byteswap_ulong(0);
      |           ^
1 error generated.
configure:7724: $? = 1
configure: failed program was:
| /* confdefs.h */
| #define PACKAGE_NAME ""
| #define PACKAGE_TARNAME ""
| #define PACKAGE_VERSION ""
| #define PACKAGE_STRING ""
| #define PACKAGE_BUGREPORT ""
| #define PACKAGE_URL ""
| #define HAVE_STDIO_H 1
| #define HAVE_STDLIB_H 1
| #define HAVE_STRING_H 1
| #define HAVE_INTTYPES_H 1
| #define HAVE_STDINT_H 1
| #define HAVE_STRINGS_H 1
| #define HAVE_SYS_STAT_H 1
| #define HAVE_SYS_TYPES_H 1
| #define HAVE_UNISTD_H 1
| #define HAVE_WCHAR_H 1
| #define HAVE_SYS_PARAM_H 1
| #define STDC_HEADERS 1
| #define _ALL_SOURCE 1
| #define _DARWIN_C_SOURCE 1
| #define _GNU_SOURCE 1
| #define _HPUX_ALT_XOPEN_SOCKET_API 1
| #define _NETBSD_SOURCE 1
| #define _OPENBSD_SOURCE 1
| #define _POSIX_PTHREAD_SEMANTICS 1
| #define __STDC_WANT_IEC_60559_ATTRIBS_EXT__ 1
| #define __STDC_WANT_IEC_60559_BFP_EXT__ 1
| #define __STDC_WANT_IEC_60559_DFP_EXT__ 1
| #define __STDC_WANT_IEC_60559_FUNCS_EXT__ 1
| #define __STDC_WANT_IEC_60559_TYPES_EXT__ 1
| #define __STDC_WANT_LIB_EXT2__ 1
| #define __STDC_WANT_MATH_SPEC_FUNCS__ 1
| #define _TANDEM_SOURCE 1
| #define __EXTENSIONS__ 1
| #define CFLAGS_STD_C17 1
| #define WORDS_LITTLEENDIAN 1
| #define CFLAGS_WERROR_UNKNOWN_WARNING_OPTION 1
| #define CFLAGS_FWRAPV 1
| #define CFLAGS_FTRIVIAL_AUTO_VAR_INIT_ZERO 1
| #define CFLAGS_U_STRICT_ANSI 1
| #define CFLAGS_FNO_COMMON 1
| #define restrict __restrict__
| #define HAVE_STRING_H 1
| #define HAVE_STDARG_H 1
| #define HAVE_INTTYPES_H 1
| #define HAVE_STRINGS_H 1
| #define HAVE__BOOL 1
| #define HAVE_STDBOOL_H 1
| #define HAVE_STDNORETURN_H 1
| #define HAVE_FCNTL_H 1
| #define HAVE_UNISTD_H 1
| #define HAVE_SYS_MMAN_H 1
| #define HAVE_SYS_TYPES_H 1
| #define HAVE_SYS_STAT_H 1
| #define HAVE_SYS_RESOURCE_H 1
| #define HAVE_STRCASECMP 1
| #define HAVE_STRNCASECMP 1
| #define HAVE_STRSEP 1
| #define HAVE_STRNLEN 1
| #define HAVE_ISCNTRL 1
| #define HAVE_ISASCII 1
| #define HAVE_MEMPCPY 1
| #define HAVE_GETUID 1
| #define HAVE_GETGID 1
| #define HAVE_GETRLIMIT 1
| #define HAVE_REALPATH 1
| #define HAVE_CANONICALIZE_FILE_NAME 1
| #define HAVE_PATHCONF 1
| #define HAVE_FSEEKO 1
| #define HAVE_FTRUNCATE 1
| #define HAVE_FILENO 1
| #define HAVE_GETPAGESIZE 1
| #define HAVE_MMAP 1
| #define HAVE_GETPAGESIZE 1
| #define HAVE_SYSCONF 1
| #define HAVE_ACCESS 1
| #define HAVE_FACCESSAT 1
| #define HAVE___BUILTIN_EXPECT 1
| #define HAVE___BUILTIN_CLZ 1
| #define HAVE___BUILTIN_CLZL 1
| #define HAVE___BUILTIN_CLZLL 1
| #define HAVE_SNPRINTF 1
| #define HAVE_VSNPRINTF 1
| #define HAVE_STRUCT_STAT 1
| #define HAVE_STAT 1
| #define HAVE_FSTAT 1
| #define HAVE_DECL_STRCASECMP 1
| #define HAVE_DECL_STRICMP 0
| #define HAVE_DECL_STRNCASECMP 1
| #define HAVE_DECL_STRNICMP 0
| #define HAVE_DECL_STRSEP 1
| #define HAVE_DECL_STRLCPY 0
| #define HAVE_DECL_STRNLEN 1
| #define HAVE_DECL_STRRCHRNUL 0
| #define HAVE_UINTPTR_T 1
| #define HAVE_ENDIAN_H 1
| #define HAVE_HTOLE16 1
| #define HAVE_HTOLE32 1
| #define HAVE_HTOLE64 1
| #define HAVE___BSWAP_16 1
| #define HAVE___BSWAP_32 1
| #define HAVE___BSWAP_64 1
| #define HAVE___BUILTIN_BSWAP16 1
| #define HAVE___BUILTIN_BSWAP32 1
| #define HAVE___BUILTIN_BSWAP64 1
| /* end confdefs.h.  */
| 
| #include <stddef.h>
| #ifdef HAVE_STDIO_H
| # include <stdio.h>
| #endif
| #ifdef HAVE_STDLIB_H
| # include <stdlib.h>
| #endif
| #ifdef HAVE_STRING_H
| # include <string.h>
| #endif
| #ifdef HAVE_INTTYPES_H
| # include <inttypes.h>
| #endif
| #ifdef HAVE_STDINT_H
| # include <stdint.h>
| #endif
| #ifdef HAVE_STRINGS_H
| # include <strings.h>
| #endif
| #ifdef HAVE_SYS_TYPES_H
| # include <sys/types.h>
| #endif
| #ifdef HAVE_SYS_STAT_H
| # include <sys/stat.h>
| #endif
| #ifdef HAVE_UNISTD_H
| # include <unistd.h>
| #endif
| #include <string.h>
| #include <stdarg.h>
| #include <endian.h>
| int main(void) {
|     (void)_byteswap_ulong(0);
|     return 0;
| }
| 
configure:7732: result: no
configure:7738: checking for _byteswap_uint64
configure:7750: /home/arnab/Aflplusplus/AFLplusplus/afl-clang-fast -o conftest -g -O2 -std=c17 -Werror=unknown-warning-option -fwrapv -ftrivial-auto-var-init=zero -U__STRICT_ANSI__ -fno-common   conftest.c  >&5
conftest.c:141:11: error: call to undeclared function '_byteswap_uint64'; ISO C99 and later do not support implicit function declarations [-Wimplicit-function-declaration]
  141 |     (void)_byteswap_uint64(0);
      |           ^
1 error generated.
configure:7750: $? = 1
configure: failed program was:
| /* confdefs.h */
| #define PACKAGE_NAME ""
| #define PACKAGE_TARNAME ""
| #define PACKAGE_VERSION ""
| #define PACKAGE_STRING ""
| #define PACKAGE_BUGREPORT ""
| #define PACKAGE_URL ""
| #define HAVE_STDIO_H 1
| #define HAVE_STDLIB_H 1
| #define HAVE_STRING_H 1
| #define HAVE_INTTYPES_H 1
| #define HAVE_STDINT_H 1
| #define HAVE_STRINGS_H 1
| #define HAVE_SYS_STAT_H 1
| #define HAVE_SYS_TYPES_H 1
| #define HAVE_UNISTD_H 1
| #define HAVE_WCHAR_H 1
| #define HAVE_SYS_PARAM_H 1
| #define STDC_HEADERS 1
| #define _ALL_SOURCE 1
| #define _DARWIN_C_SOURCE 1
| #define _GNU_SOURCE 1
| #define _HPUX_ALT_XOPEN_SOCKET_API 1
| #define _NETBSD_SOURCE 1
| #define _OPENBSD_SOURCE 1
| #define _POSIX_PTHREAD_SEMANTICS 1
| #define __STDC_WANT_IEC_60559_ATTRIBS_EXT__ 1
| #define __STDC_WANT_IEC_60559_BFP_EXT__ 1
| #define __STDC_WANT_IEC_60559_DFP_EXT__ 1
| #define __STDC_WANT_IEC_60559_FUNCS_EXT__ 1
| #define __STDC_WANT_IEC_60559_TYPES_EXT__ 1
| #define __STDC_WANT_LIB_EXT2__ 1
| #define __STDC_WANT_MATH_SPEC_FUNCS__ 1
| #define _TANDEM_SOURCE 1
| #define __EXTENSIONS__ 1
| #define CFLAGS_STD_C17 1
| #define WORDS_LITTLEENDIAN 1
| #define CFLAGS_WERROR_UNKNOWN_WARNING_OPTION 1
| #define CFLAGS_FWRAPV 1
| #define CFLAGS_FTRIVIAL_AUTO_VAR_INIT_ZERO 1
| #define CFLAGS_U_STRICT_ANSI 1
| #define CFLAGS_FNO_COMMON 1
| #define restrict __restrict__
| #define HAVE_STRING_H 1
| #define HAVE_STDARG_H 1
| #define HAVE_INTTYPES_H 1
| #define HAVE_STRINGS_H 1
| #define HAVE__BOOL 1
| #define HAVE_STDBOOL_H 1
| #define HAVE_STDNORETURN_H 1
| #define HAVE_FCNTL_H 1
| #define HAVE_UNISTD_H 1
| #define HAVE_SYS_MMAN_H 1
| #define HAVE_SYS_TYPES_H 1
| #define HAVE_SYS_STAT_H 1
| #define HAVE_SYS_RESOURCE_H 1
| #define HAVE_STRCASECMP 1
| #define HAVE_STRNCASECMP 1
| #define HAVE_STRSEP 1
| #define HAVE_STRNLEN 1
| #define HAVE_ISCNTRL 1
| #define HAVE_ISASCII 1
| #define HAVE_MEMPCPY 1
| #define HAVE_GETUID 1
| #define HAVE_GETGID 1
| #define HAVE_GETRLIMIT 1
| #define HAVE_REALPATH 1
| #define HAVE_CANONICALIZE_FILE_NAME 1
| #define HAVE_PATHCONF 1
| #define HAVE_FSEEKO 1
| #define HAVE_FTRUNCATE 1
| #define HAVE_FILENO 1
| #define HAVE_GETPAGESIZE 1
| #define HAVE_MMAP 1
| #define HAVE_GETPAGESIZE 1
| #define HAVE_SYSCONF 1
| #define HAVE_ACCESS 1
| #define HAVE_FACCESSAT 1
| #define HAVE___BUILTIN_EXPECT 1
| #define HAVE___BUILTIN_CLZ 1
| #define HAVE___BUILTIN_CLZL 1
| #define HAVE___BUILTIN_CLZLL 1
| #define HAVE_SNPRINTF 1
| #define HAVE_VSNPRINTF 1
| #define HAVE_STRUCT_STAT 1
| #define HAVE_STAT 1
| #define HAVE_FSTAT 1
| #define HAVE_DECL_STRCASECMP 1
| #define HAVE_DECL_STRICMP 0
| #define HAVE_DECL_STRNCASECMP 1
| #define HAVE_DECL_STRNICMP 0
| #define HAVE_DECL_STRSEP 1
| #define HAVE_DECL_STRLCPY 0
| #define HAVE_DECL_STRNLEN 1
| #define HAVE_DECL_STRRCHRNUL 0
| #define HAVE_UINTPTR_T 1
| #define HAVE_ENDIAN_H 1
| #define HAVE_HTOLE16 1
| #define HAVE_HTOLE32 1
| #define HAVE_HTOLE64 1
| #define HAVE___BSWAP_16 1
| #define HAVE___BSWAP_32 1
| #define HAVE___BSWAP_64 1
| #define HAVE___BUILTIN_BSWAP16 1
| #define HAVE___BUILTIN_BSWAP32 1
| #define HAVE___BUILTIN_BSWAP64 1
| /* end confdefs.h.  */
| 
| #include <stddef.h>
| #ifdef HAVE_STDIO_H
| # include <stdio.h>
| #endif
| #ifdef HAVE_STDLIB_H
| # include <stdlib.h>
| #endif
| #ifdef HAVE_STRING_H
| # include <string.h>
| #endif
| #ifdef HAVE_INTTYPES_H
| # include <inttypes.h>
| #endif
| #ifdef HAVE_STDINT_H
| # include <stdint.h>
| #endif
| #ifdef HAVE_STRINGS_H
| # include <strings.h>
| #endif
| #ifdef HAVE_SYS_TYPES_H
| # include <sys/types.h>
| #endif
| #ifdef HAVE_SYS_STAT_H
| # include <sys/stat.h>
| #endif
| #ifdef HAVE_UNISTD_H
| # include <unistd.h>
| #endif
| #include <string.h>
| #include <stdarg.h>
| #include <endian.h>
| int main(void) {
|     (void)_byteswap_uint64(0);
|     return 0;
| }
| 
configure:7758: result: no
configure:7765: checking for __builtin_constant_p
configure:7777: /home/arnab/Aflplusplus/AFLplusplus/afl-clang-fast -o conftest -g -O2 -std=c17 -Werror=unknown-warning-option -fwrapv -ftrivial-auto-var-init=zero -U__STRICT_ANSI__ -fno-common   conftest.c  >&5
configure:7777: $? = 0
configure:7779: result: yes
configure:7791: checking for __builtin_choose_expr
configure:7803: /home/arnab/Aflplusplus/AFLplusplus/afl-clang-fast -o conftest -g -O2 -std=c17 -Werror=unknown-warning-option -fwrapv -ftrivial-auto-var-init=zero -U__STRICT_ANSI__ -fno-common   conftest.c  >&5
configure:7803: $? = 0
configure:7805: result: yes
configure:7818: checking if /home/arnab/Aflplusplus/AFLplusplus/afl-clang-fast accepts -Werror=attributes
configure:7833: /home/arnab/Aflplusplus/AFLplusplus/afl-clang-fast -o conftest -g -O2 -std=c17 -Werror=unknown-warning-option -fwrapv -ftrivial-auto-var-init=zero -U__STRICT_ANSI__ -fno-common -Werror=attributes   conftest.c  >&5
configure:7833: $? = 0
configure:7835: result: yes
configure:7854: checking if /home/arnab/Aflplusplus/AFLplusplus/afl-clang-fast supports the noreturn function attribute
configure:7870: /home/arnab/Aflplusplus/AFLplusplus/afl-clang-fast -c -g -O2 -std=c17 -Werror=unknown-warning-option -fwrapv -ftrivial-auto-var-init=zero -U__STRICT_ANSI__ -fno-common -Werror=attributes  conftest.c >&5
configure:7870: $? = 0
configure:7872: result: yes
configure:7888: checking if /home/arnab/Aflplusplus/AFLplusplus/afl-clang-fast supports the noreturn function attribute on pointers
configure:7914: /home/arnab/Aflplusplus/AFLplusplus/afl-clang-fast -c -g -O2 -std=c17 -Werror=unknown-warning-option -fwrapv -ftrivial-auto-var-init=zero -U__STRICT_ANSI__ -fno-common -Werror=attributes  conftest.c >&5
configure:7914: $? = 0
configure:7916: result: yes
configure:7932: checking if /home/arnab/Aflplusplus/AFLplusplus/afl-clang-fast supports the returns_nonnull function attribute
configure:7948: /home/arnab/Aflplusplus/AFLplusplus/afl-clang-fast -c -g -O2 -std=c17 -Werror=unknown-warning-option -fwrapv -ftrivial-auto-var-init=zero -U__STRICT_ANSI__ -fno-common -Werror=attributes  conftest.c >&5
configure:7948: $? = 0
configure:7950: result: yes
configure:7966: checking if /home/arnab/Aflplusplus/AFLplusplus/afl-clang-fast supports the returns_nonnull function attribute on pointers
configure:7992: /home/arnab/Aflplusplus/AFLplusplus/afl-clang-fast -c -g -O2 -std=c17 -Werror=unknown-warning-option -fwrapv -ftrivial-auto-var-init=zero -U__STRICT_ANSI__ -fno-common -Werror=attributes  conftest.c >&5
conftest.c:146:31: error: 'returns_nonnull' attribute only applies to Objective-C methods and functions [-Werror,-Wignored-attributes]
  146 | extern void *  __attribute__((returns_nonnull))
      |                               ^
conftest.c:155:32: error: 'returns_nonnull' attribute only applies to Objective-C methods and functions [-Werror,-Wignored-attributes]
  155 | typedef void *  __attribute__((returns_nonnull))
      |                                ^
2 errors generated.
configure:7992: $? = 1
configure: failed program was:
| /* confdefs.h */
| #define PACKAGE_NAME ""
| #define PACKAGE_TARNAME ""
| #define PACKAGE_VERSION ""
| #define PACKAGE_STRING ""
| #define PACKAGE_BUGREPORT ""
| #define PACKAGE_URL ""
| #define HAVE_STDIO_H 1
| #define HAVE_STDLIB_H 1
| #define HAVE_STRING_H 1
| #define HAVE_INTTYPES_H 1
| #define HAVE_STDINT_H 1
| #define HAVE_STRINGS_H 1
| #define HAVE_SYS_STAT_H 1
| #define HAVE_SYS_TYPES_H 1
| #define HAVE_UNISTD_H 1
| #define HAVE_WCHAR_H 1
| #define HAVE_SYS_PARAM_H 1
| #define STDC_HEADERS 1
| #define _ALL_SOURCE 1
| #define _DARWIN_C_SOURCE 1
| #define _GNU_SOURCE 1
| #define _HPUX_ALT_XOPEN_SOCKET_API 1
| #define _NETBSD_SOURCE 1
| #define _OPENBSD_SOURCE 1
| #define _POSIX_PTHREAD_SEMANTICS 1
| #define __STDC_WANT_IEC_60559_ATTRIBS_EXT__ 1
| #define __STDC_WANT_IEC_60559_BFP_EXT__ 1
| #define __STDC_WANT_IEC_60559_DFP_EXT__ 1
| #define __STDC_WANT_IEC_60559_FUNCS_EXT__ 1
| #define __STDC_WANT_IEC_60559_TYPES_EXT__ 1
| #define __STDC_WANT_LIB_EXT2__ 1
| #define __STDC_WANT_MATH_SPEC_FUNCS__ 1
| #define _TANDEM_SOURCE 1
| #define __EXTENSIONS__ 1
| #define CFLAGS_STD_C17 1
| #define WORDS_LITTLEENDIAN 1
| #define CFLAGS_WERROR_UNKNOWN_WARNING_OPTION 1
| #define CFLAGS_FWRAPV 1
| #define CFLAGS_FTRIVIAL_AUTO_VAR_INIT_ZERO 1
| #define CFLAGS_U_STRICT_ANSI 1
| #define CFLAGS_FNO_COMMON 1
| #define restrict __restrict__
| #define HAVE_STRING_H 1
| #define HAVE_STDARG_H 1
| #define HAVE_INTTYPES_H 1
| #define HAVE_STRINGS_H 1
| #define HAVE__BOOL 1
| #define HAVE_STDBOOL_H 1
| #define HAVE_STDNORETURN_H 1
| #define HAVE_FCNTL_H 1
| #define HAVE_UNISTD_H 1
| #define HAVE_SYS_MMAN_H 1
| #define HAVE_SYS_TYPES_H 1
| #define HAVE_SYS_STAT_H 1
| #define HAVE_SYS_RESOURCE_H 1
| #define HAVE_STRCASECMP 1
| #define HAVE_STRNCASECMP 1
| #define HAVE_STRSEP 1
| #define HAVE_STRNLEN 1
| #define HAVE_ISCNTRL 1
| #define HAVE_ISASCII 1
| #define HAVE_MEMPCPY 1
| #define HAVE_GETUID 1
| #define HAVE_GETGID 1
| #define HAVE_GETRLIMIT 1
| #define HAVE_REALPATH 1
| #define HAVE_CANONICALIZE_FILE_NAME 1
| #define HAVE_PATHCONF 1
| #define HAVE_FSEEKO 1
| #define HAVE_FTRUNCATE 1
| #define HAVE_FILENO 1
| #define HAVE_GETPAGESIZE 1
| #define HAVE_MMAP 1
| #define HAVE_GETPAGESIZE 1
| #define HAVE_SYSCONF 1
| #define HAVE_ACCESS 1
| #define HAVE_FACCESSAT 1
| #define HAVE___BUILTIN_EXPECT 1
| #define HAVE___BUILTIN_CLZ 1
| #define HAVE___BUILTIN_CLZL 1
| #define HAVE___BUILTIN_CLZLL 1
| #define HAVE_SNPRINTF 1
| #define HAVE_VSNPRINTF 1
| #define HAVE_STRUCT_STAT 1
| #define HAVE_STAT 1
| #define HAVE_FSTAT 1
| #define HAVE_DECL_STRCASECMP 1
| #define HAVE_DECL_STRICMP 0
| #define HAVE_DECL_STRNCASECMP 1
| #define HAVE_DECL_STRNICMP 0
| #define HAVE_DECL_STRSEP 1
| #define HAVE_DECL_STRLCPY 0
| #define HAVE_DECL_STRNLEN 1
| #define HAVE_DECL_STRRCHRNUL 0
| #define HAVE_UINTPTR_T 1
| #define HAVE_ENDIAN_H 1
| #define HAVE_HTOLE16 1
| #define HAVE_HTOLE32 1
| #define HAVE_HTOLE64 1
| #define HAVE___BSWAP_16 1
| #define HAVE___BSWAP_32 1
| #define HAVE___BSWAP_64 1
| #define HAVE___BUILTIN_BSWAP16 1
| #define HAVE___BUILTIN_BSWAP32 1
| #define HAVE___BUILTIN_BSWAP64 1
| #define HAVE___BUILTIN_CONSTANT_P 1
| #define HAVE___BUILTIN_CHOOSE_EXPR 1
| #define CFLAGS_WERROR_ATTRIBUTES 1
| #define HAVE_FUNC_ATTRIBUTE_NORETURN 1
| #define HAVE_FUNC_PTR_ATTRIBUTE_NORETURN 1
| #define HAVE_FUNC_ATTRIBUTE_RETURNS_NONNULL 1
| /* end confdefs.h.  */
| 
| #include <stddef.h>
| #ifdef HAVE_STDIO_H
| # include <stdio.h>
| #endif
| #ifdef HAVE_STDLIB_H
| # include <stdlib.h>
| #endif
| #ifdef HAVE_STRING_H
| # include <string.h>
| #endif
| #ifdef HAVE_INTTYPES_H
| # include <inttypes.h>
| #endif
| #ifdef HAVE_STDINT_H
| # include <stdint.h>
| #endif
| #ifdef HAVE_STRINGS_H
| # include <strings.h>
| #endif
| #ifdef HAVE_SYS_TYPES_H
| # include <sys/types.h>
| #endif
| #ifdef HAVE_SYS_STAT_H
| # include <sys/stat.h>
| #endif
| #ifdef HAVE_UNISTD_H
| # include <unistd.h>
| #endif
| #include <string.h>
| #include <stdarg.h>
| #include <endian.h>
| extern void *  __attribute__((returns_nonnull))
|   (*bar1)(int);
| void * foo1(void);
| void * foo1(void)
| {
| 	return
| 		bar1(1);
| }
| 
| typedef void *  __attribute__((returns_nonnull))
|   (*bar_t)(int);
| extern bar_t bar2;
| void * foo2(void);
| void * foo2(void)
| {
| 	return
| 		bar2(1);
| }
| 
configure:8000: result: no
configure:8010: checking if /home/arnab/Aflplusplus/AFLplusplus/afl-clang-fast supports the malloc function attribute
configure:8026: /home/arnab/Aflplusplus/AFLplusplus/afl-clang-fast -c -g -O2 -std=c17 -Werror=unknown-warning-option -fwrapv -ftrivial-auto-var-init=zero -U__STRICT_ANSI__ -fno-common -Werror=attributes  conftest.c >&5
configure:8026: $? = 0
configure:8028: result: yes
configure:8044: checking if /home/arnab/Aflplusplus/AFLplusplus/afl-clang-fast supports the malloc function attribute on pointers
configure:8070: /home/arnab/Aflplusplus/AFLplusplus/afl-clang-fast -c -g -O2 -std=c17 -Werror=unknown-warning-option -fwrapv -ftrivial-auto-var-init=zero -U__STRICT_ANSI__ -fno-common -Werror=attributes  conftest.c >&5
conftest.c:147:31: error: 'malloc' attribute only applies to functions [-Werror,-Wignored-attributes]
  147 | extern void *  __attribute__((malloc))
      |                               ^
conftest.c:156:32: error: 'malloc' attribute only applies to functions [-Werror,-Wignored-attributes]
  156 | typedef void *  __attribute__((malloc))
      |                                ^
2 errors generated.
configure:8070: $? = 1
configure: failed program was:
| /* confdefs.h */
| #define PACKAGE_NAME ""
| #define PACKAGE_TARNAME ""
| #define PACKAGE_VERSION ""
| #define PACKAGE_STRING ""
| #define PACKAGE_BUGREPORT ""
| #define PACKAGE_URL ""
| #define HAVE_STDIO_H 1
| #define HAVE_STDLIB_H 1
| #define HAVE_STRING_H 1
| #define HAVE_INTTYPES_H 1
| #define HAVE_STDINT_H 1
| #define HAVE_STRINGS_H 1
| #define HAVE_SYS_STAT_H 1
| #define HAVE_SYS_TYPES_H 1
| #define HAVE_UNISTD_H 1
| #define HAVE_WCHAR_H 1
| #define HAVE_SYS_PARAM_H 1
| #define STDC_HEADERS 1
| #define _ALL_SOURCE 1
| #define _DARWIN_C_SOURCE 1
| #define _GNU_SOURCE 1
| #define _HPUX_ALT_XOPEN_SOCKET_API 1
| #define _NETBSD_SOURCE 1
| #define _OPENBSD_SOURCE 1
| #define _POSIX_PTHREAD_SEMANTICS 1
| #define __STDC_WANT_IEC_60559_ATTRIBS_EXT__ 1
| #define __STDC_WANT_IEC_60559_BFP_EXT__ 1
| #define __STDC_WANT_IEC_60559_DFP_EXT__ 1
| #define __STDC_WANT_IEC_60559_FUNCS_EXT__ 1
| #define __STDC_WANT_IEC_60559_TYPES_EXT__ 1
| #define __STDC_WANT_LIB_EXT2__ 1
| #define __STDC_WANT_MATH_SPEC_FUNCS__ 1
| #define _TANDEM_SOURCE 1
| #define __EXTENSIONS__ 1
| #define CFLAGS_STD_C17 1
| #define WORDS_LITTLEENDIAN 1
| #define CFLAGS_WERROR_UNKNOWN_WARNING_OPTION 1
| #define CFLAGS_FWRAPV 1
| #define CFLAGS_FTRIVIAL_AUTO_VAR_INIT_ZERO 1
| #define CFLAGS_U_STRICT_ANSI 1
| #define CFLAGS_FNO_COMMON 1
| #define restrict __restrict__
| #define HAVE_STRING_H 1
| #define HAVE_STDARG_H 1
| #define HAVE_INTTYPES_H 1
| #define HAVE_STRINGS_H 1
| #define HAVE__BOOL 1
| #define HAVE_STDBOOL_H 1
| #define HAVE_STDNORETURN_H 1
| #define HAVE_FCNTL_H 1
| #define HAVE_UNISTD_H 1
| #define HAVE_SYS_MMAN_H 1
| #define HAVE_SYS_TYPES_H 1
| #define HAVE_SYS_STAT_H 1
| #define HAVE_SYS_RESOURCE_H 1
| #define HAVE_STRCASECMP 1
| #define HAVE_STRNCASECMP 1
| #define HAVE_STRSEP 1
| #define HAVE_STRNLEN 1
| #define HAVE_ISCNTRL 1
| #define HAVE_ISASCII 1
| #define HAVE_MEMPCPY 1
| #define HAVE_GETUID 1
| #define HAVE_GETGID 1
| #define HAVE_GETRLIMIT 1
| #define HAVE_REALPATH 1
| #define HAVE_CANONICALIZE_FILE_NAME 1
| #define HAVE_PATHCONF 1
| #define HAVE_FSEEKO 1
| #define HAVE_FTRUNCATE 1
| #define HAVE_FILENO 1
| #define HAVE_GETPAGESIZE 1
| #define HAVE_MMAP 1
| #define HAVE_GETPAGESIZE 1
| #define HAVE_SYSCONF 1
| #define HAVE_ACCESS 1
| #define HAVE_FACCESSAT 1
| #define HAVE___BUILTIN_EXPECT 1
| #define HAVE___BUILTIN_CLZ 1
| #define HAVE___BUILTIN_CLZL 1
| #define HAVE___BUILTIN_CLZLL 1
| #define HAVE_SNPRINTF 1
| #define HAVE_VSNPRINTF 1
| #define HAVE_STRUCT_STAT 1
| #define HAVE_STAT 1
| #define HAVE_FSTAT 1
| #define HAVE_DECL_STRCASECMP 1
| #define HAVE_DECL_STRICMP 0
| #define HAVE_DECL_STRNCASECMP 1
| #define HAVE_DECL_STRNICMP 0
| #define HAVE_DECL_STRSEP 1
| #define HAVE_DECL_STRLCPY 0
| #define HAVE_DECL_STRNLEN 1
| #define HAVE_DECL_STRRCHRNUL 0
| #define HAVE_UINTPTR_T 1
| #define HAVE_ENDIAN_H 1
| #define HAVE_HTOLE16 1
| #define HAVE_HTOLE32 1
| #define HAVE_HTOLE64 1
| #define HAVE___BSWAP_16 1
| #define HAVE___BSWAP_32 1
| #define HAVE___BSWAP_64 1
| #define HAVE___BUILTIN_BSWAP16 1
| #define HAVE___BUILTIN_BSWAP32 1
| #define HAVE___BUILTIN_BSWAP64 1
| #define HAVE___BUILTIN_CONSTANT_P 1
| #define HAVE___BUILTIN_CHOOSE_EXPR 1
| #define CFLAGS_WERROR_ATTRIBUTES 1
| #define HAVE_FUNC_ATTRIBUTE_NORETURN 1
| #define HAVE_FUNC_PTR_ATTRIBUTE_NORETURN 1
| #define HAVE_FUNC_ATTRIBUTE_RETURNS_NONNULL 1
| #define HAVE_FUNC_ATTRIBUTE_MALLOC 1
| /* end confdefs.h.  */
| 
| #include <stddef.h>
| #ifdef HAVE_STDIO_H
| # include <stdio.h>
| #endif
| #ifdef HAVE_STDLIB_H
| # include <stdlib.h>
| #endif
| #ifdef HAVE_STRING_H
| # include <string.h>
| #endif
| #ifdef HAVE_INTTYPES_H
| # include <inttypes.h>
| #endif
| #ifdef HAVE_STDINT_H
| # include <stdint.h>
| #endif
| #ifdef HAVE_STRINGS_H
| # include <strings.h>
| #endif
| #ifdef HAVE_SYS_TYPES_H
| # include <sys/types.h>
| #endif
| #ifdef HAVE_SYS_STAT_H
| # include <sys/stat.h>
| #endif
| #ifdef HAVE_UNISTD_H
| # include <unistd.h>
| #endif
| #include <string.h>
| #include <stdarg.h>
| #include <endian.h>
| extern void *  __attribute__((malloc))
|   (*bar1)(int);
| void * foo1(void);
| void * foo1(void)
| {
| 	return
| 		bar1(1);
| }
| 
| typedef void *  __attribute__((malloc))
|   (*bar_t)(int);
| extern bar_t bar2;
| void * foo2(void);
| void * foo2(void)
| {
| 	return
| 		bar2(1);
| }
| 
configure:8078: result: no
configure:8088: checking if /home/arnab/Aflplusplus/AFLplusplus/afl-clang-fast supports the alloc_size(1) function attribute
configure:8104: /home/arnab/Aflplusplus/AFLplusplus/afl-clang-fast -c -g -O2 -std=c17 -Werror=unknown-warning-option -fwrapv -ftrivial-auto-var-init=zero -U__STRICT_ANSI__ -fno-common -Werror=attributes  conftest.c >&5
configure:8104: $? = 0
configure:8106: result: yes
configure:8122: checking if /home/arnab/Aflplusplus/AFLplusplus/afl-clang-fast supports the alloc_size(1) function attribute on pointers
configure:8148: /home/arnab/Aflplusplus/AFLplusplus/afl-clang-fast -c -g -O2 -std=c17 -Werror=unknown-warning-option -fwrapv -ftrivial-auto-var-init=zero -U__STRICT_ANSI__ -fno-common -Werror=attributes  conftest.c >&5
configure:8148: $? = 0
configure:8150: result: yes
configure:8166: checking if /home/arnab/Aflplusplus/AFLplusplus/afl-clang-fast supports the alloc_size(1,2) function attribute
configure:8182: /home/arnab/Aflplusplus/AFLplusplus/afl-clang-fast -c -g -O2 -std=c17 -Werror=unknown-warning-option -fwrapv -ftrivial-auto-var-init=zero -U__STRICT_ANSI__ -fno-common -Werror=attributes  conftest.c >&5
conftest.c:149:31: error: 'alloc_size' attribute parameter 2 is out of bounds
  149 | extern void *  __attribute__((alloc_size(1,2)))
      |                               ^            ~
1 error generated.
configure:8182: $? = 1
configure: failed program was:
| /* confdefs.h */
| #define PACKAGE_NAME ""
| #define PACKAGE_TARNAME ""
| #define PACKAGE_VERSION ""
| #define PACKAGE_STRING ""
| #define PACKAGE_BUGREPORT ""
| #define PACKAGE_URL ""
| #define HAVE_STDIO_H 1
| #define HAVE_STDLIB_H 1
| #define HAVE_STRING_H 1
| #define HAVE_INTTYPES_H 1
| #define HAVE_STDINT_H 1
| #define HAVE_STRINGS_H 1
| #define HAVE_SYS_STAT_H 1
| #define HAVE_SYS_TYPES_H 1
| #define HAVE_UNISTD_H 1
| #define HAVE_WCHAR_H 1
| #define HAVE_SYS_PARAM_H 1
| #define STDC_HEADERS 1
| #define _ALL_SOURCE 1
| #define _DARWIN_C_SOURCE 1
| #define _GNU_SOURCE 1
| #define _HPUX_ALT_XOPEN_SOCKET_API 1
| #define _NETBSD_SOURCE 1
| #define _OPENBSD_SOURCE 1
| #define _POSIX_PTHREAD_SEMANTICS 1
| #define __STDC_WANT_IEC_60559_ATTRIBS_EXT__ 1
| #define __STDC_WANT_IEC_60559_BFP_EXT__ 1
| #define __STDC_WANT_IEC_60559_DFP_EXT__ 1
| #define __STDC_WANT_IEC_60559_FUNCS_EXT__ 1
| #define __STDC_WANT_IEC_60559_TYPES_EXT__ 1
| #define __STDC_WANT_LIB_EXT2__ 1
| #define __STDC_WANT_MATH_SPEC_FUNCS__ 1
| #define _TANDEM_SOURCE 1
| #define __EXTENSIONS__ 1
| #define CFLAGS_STD_C17 1
| #define WORDS_LITTLEENDIAN 1
| #define CFLAGS_WERROR_UNKNOWN_WARNING_OPTION 1
| #define CFLAGS_FWRAPV 1
| #define CFLAGS_FTRIVIAL_AUTO_VAR_INIT_ZERO 1
| #define CFLAGS_U_STRICT_ANSI 1
| #define CFLAGS_FNO_COMMON 1
| #define restrict __restrict__
| #define HAVE_STRING_H 1
| #define HAVE_STDARG_H 1
| #define HAVE_INTTYPES_H 1
| #define HAVE_STRINGS_H 1
| #define HAVE__BOOL 1
| #define HAVE_STDBOOL_H 1
| #define HAVE_STDNORETURN_H 1
| #define HAVE_FCNTL_H 1
| #define HAVE_UNISTD_H 1
| #define HAVE_SYS_MMAN_H 1
| #define HAVE_SYS_TYPES_H 1
| #define HAVE_SYS_STAT_H 1
| #define HAVE_SYS_RESOURCE_H 1
| #define HAVE_STRCASECMP 1
| #define HAVE_STRNCASECMP 1
| #define HAVE_STRSEP 1
| #define HAVE_STRNLEN 1
| #define HAVE_ISCNTRL 1
| #define HAVE_ISASCII 1
| #define HAVE_MEMPCPY 1
| #define HAVE_GETUID 1
| #define HAVE_GETGID 1
| #define HAVE_GETRLIMIT 1
| #define HAVE_REALPATH 1
| #define HAVE_CANONICALIZE_FILE_NAME 1
| #define HAVE_PATHCONF 1
| #define HAVE_FSEEKO 1
| #define HAVE_FTRUNCATE 1
| #define HAVE_FILENO 1
| #define HAVE_GETPAGESIZE 1
| #define HAVE_MMAP 1
| #define HAVE_GETPAGESIZE 1
| #define HAVE_SYSCONF 1
| #define HAVE_ACCESS 1
| #define HAVE_FACCESSAT 1
| #define HAVE___BUILTIN_EXPECT 1
| #define HAVE___BUILTIN_CLZ 1
| #define HAVE___BUILTIN_CLZL 1
| #define HAVE___BUILTIN_CLZLL 1
| #define HAVE_SNPRINTF 1
| #define HAVE_VSNPRINTF 1
| #define HAVE_STRUCT_STAT 1
| #define HAVE_STAT 1
| #define HAVE_FSTAT 1
| #define HAVE_DECL_STRCASECMP 1
| #define HAVE_DECL_STRICMP 0
| #define HAVE_DECL_STRNCASECMP 1
| #define HAVE_DECL_STRNICMP 0
| #define HAVE_DECL_STRSEP 1
| #define HAVE_DECL_STRLCPY 0
| #define HAVE_DECL_STRNLEN 1
| #define HAVE_DECL_STRRCHRNUL 0
| #define HAVE_UINTPTR_T 1
| #define HAVE_ENDIAN_H 1
| #define HAVE_HTOLE16 1
| #define HAVE_HTOLE32 1
| #define HAVE_HTOLE64 1
| #define HAVE___BSWAP_16 1
| #define HAVE___BSWAP_32 1
| #define HAVE___BSWAP_64 1
| #define HAVE___BUILTIN_BSWAP16 1
| #define HAVE___BUILTIN_BSWAP32 1
| #define HAVE___BUILTIN_BSWAP64 1
| #define HAVE___BUILTIN_CONSTANT_P 1
| #define HAVE___BUILTIN_CHOOSE_EXPR 1
| #define CFLAGS_WERROR_ATTRIBUTES 1
| #define HAVE_FUNC_ATTRIBUTE_NORETURN 1
| #define HAVE_FUNC_PTR_ATTRIBUTE_NORETURN 1
| #define HAVE_FUNC_ATTRIBUTE_RETURNS_NONNULL 1
| #define HAVE_FUNC_ATTRIBUTE_MALLOC 1
| #define HAVE_FUNC_ATTRIBUTE1_ALLOC_SIZE 1
| #define HAVE_FUNC_PTR_ATTRIBUTE1_ALLOC_SIZE 1
| /* end confdefs.h.  */
| 
| #include <stddef.h>
| #ifdef HAVE_STDIO_H
| # include <stdio.h>
| #endif
| #ifdef HAVE_STDLIB_H
| # include <stdlib.h>
| #endif
| #ifdef HAVE_STRING_H
| # include <string.h>
| #endif
| #ifdef HAVE_INTTYPES_H
| # include <inttypes.h>
| #endif
| #ifdef HAVE_STDINT_H
| # include <stdint.h>
| #endif
| #ifdef HAVE_STRINGS_H
| # include <strings.h>
| #endif
| #ifdef HAVE_SYS_TYPES_H
| # include <sys/types.h>
| #endif
| #ifdef HAVE_SYS_STAT_H
| # include <sys/stat.h>
| #endif
| #ifdef HAVE_UNISTD_H
| # include <unistd.h>
| #endif
| #include <string.h>
| #include <stdarg.h>
| #include <endian.h>
| extern void *  __attribute__((alloc_size(1,2)))
|   bar(int);
| void * foo(void);
| void * foo(void)
| {
| 	return
| 		bar(1);
| }
| 
configure:8190: result: no
configure:8200: checking if /home/arnab/Aflplusplus/AFLplusplus/afl-clang-fast supports the alloc_size(1,2) function attribute on pointers
configure:8226: /home/arnab/Aflplusplus/AFLplusplus/afl-clang-fast -c -g -O2 -std=c17 -Werror=unknown-warning-option -fwrapv -ftrivial-auto-var-init=zero -U__STRICT_ANSI__ -fno-common -Werror=attributes  conftest.c >&5
conftest.c:149:31: error: 'alloc_size' attribute parameter 2 is out of bounds
  149 | extern void *  __attribute__((alloc_size(1,2)))
      |                               ^            ~
conftest.c:158:32: error: 'alloc_size' attribute parameter 2 is out of bounds
  158 | typedef void *  __attribute__((alloc_size(1,2)))
      |                                ^            ~
2 errors generated.
configure:8226: $? = 1
configure: failed program was:
| /* confdefs.h */
| #define PACKAGE_NAME ""
| #define PACKAGE_TARNAME ""
| #define PACKAGE_VERSION ""
| #define PACKAGE_STRING ""
| #define PACKAGE_BUGREPORT ""
| #define PACKAGE_URL ""
| #define HAVE_STDIO_H 1
| #define HAVE_STDLIB_H 1
| #define HAVE_STRING_H 1
| #define HAVE_INTTYPES_H 1
| #define HAVE_STDINT_H 1
| #define HAVE_STRINGS_H 1
| #define HAVE_SYS_STAT_H 1
| #define HAVE_SYS_TYPES_H 1
| #define HAVE_UNISTD_H 1
| #define HAVE_WCHAR_H 1
| #define HAVE_SYS_PARAM_H 1
| #define STDC_HEADERS 1
| #define _ALL_SOURCE 1
| #define _DARWIN_C_SOURCE 1
| #define _GNU_SOURCE 1
| #define _HPUX_ALT_XOPEN_SOCKET_API 1
| #define _NETBSD_SOURCE 1
| #define _OPENBSD_SOURCE 1
| #define _POSIX_PTHREAD_SEMANTICS 1
| #define __STDC_WANT_IEC_60559_ATTRIBS_EXT__ 1
| #define __STDC_WANT_IEC_60559_BFP_EXT__ 1
| #define __STDC_WANT_IEC_60559_DFP_EXT__ 1
| #define __STDC_WANT_IEC_60559_FUNCS_EXT__ 1
| #define __STDC_WANT_IEC_60559_TYPES_EXT__ 1
| #define __STDC_WANT_LIB_EXT2__ 1
| #define __STDC_WANT_MATH_SPEC_FUNCS__ 1
| #define _TANDEM_SOURCE 1
| #define __EXTENSIONS__ 1
| #define CFLAGS_STD_C17 1
| #define WORDS_LITTLEENDIAN 1
| #define CFLAGS_WERROR_UNKNOWN_WARNING_OPTION 1
| #define CFLAGS_FWRAPV 1
| #define CFLAGS_FTRIVIAL_AUTO_VAR_INIT_ZERO 1
| #define CFLAGS_U_STRICT_ANSI 1
| #define CFLAGS_FNO_COMMON 1
| #define restrict __restrict__
| #define HAVE_STRING_H 1
| #define HAVE_STDARG_H 1
| #define HAVE_INTTYPES_H 1
| #define HAVE_STRINGS_H 1
| #define HAVE__BOOL 1
| #define HAVE_STDBOOL_H 1
| #define HAVE_STDNORETURN_H 1
| #define HAVE_FCNTL_H 1
| #define HAVE_UNISTD_H 1
| #define HAVE_SYS_MMAN_H 1
| #define HAVE_SYS_TYPES_H 1
| #define HAVE_SYS_STAT_H 1
| #define HAVE_SYS_RESOURCE_H 1
| #define HAVE_STRCASECMP 1
| #define HAVE_STRNCASECMP 1
| #define HAVE_STRSEP 1
| #define HAVE_STRNLEN 1
| #define HAVE_ISCNTRL 1
| #define HAVE_ISASCII 1
| #define HAVE_MEMPCPY 1
| #define HAVE_GETUID 1
| #define HAVE_GETGID 1
| #define HAVE_GETRLIMIT 1
| #define HAVE_REALPATH 1
| #define HAVE_CANONICALIZE_FILE_NAME 1
| #define HAVE_PATHCONF 1
| #define HAVE_FSEEKO 1
| #define HAVE_FTRUNCATE 1
| #define HAVE_FILENO 1
| #define HAVE_GETPAGESIZE 1
| #define HAVE_MMAP 1
| #define HAVE_GETPAGESIZE 1
| #define HAVE_SYSCONF 1
| #define HAVE_ACCESS 1
| #define HAVE_FACCESSAT 1
| #define HAVE___BUILTIN_EXPECT 1
| #define HAVE___BUILTIN_CLZ 1
| #define HAVE___BUILTIN_CLZL 1
| #define HAVE___BUILTIN_CLZLL 1
| #define HAVE_SNPRINTF 1
| #define HAVE_VSNPRINTF 1
| #define HAVE_STRUCT_STAT 1
| #define HAVE_STAT 1
| #define HAVE_FSTAT 1
| #define HAVE_DECL_STRCASECMP 1
| #define HAVE_DECL_STRICMP 0
| #define HAVE_DECL_STRNCASECMP 1
| #define HAVE_DECL_STRNICMP 0
| #define HAVE_DECL_STRSEP 1
| #define HAVE_DECL_STRLCPY 0
| #define HAVE_DECL_STRNLEN 1
| #define HAVE_DECL_STRRCHRNUL 0
| #define HAVE_UINTPTR_T 1
| #define HAVE_ENDIAN_H 1
| #define HAVE_HTOLE16 1
| #define HAVE_HTOLE32 1
| #define HAVE_HTOLE64 1
| #define HAVE___BSWAP_16 1
| #define HAVE___BSWAP_32 1
| #define HAVE___BSWAP_64 1
| #define HAVE___BUILTIN_BSWAP16 1
| #define HAVE___BUILTIN_BSWAP32 1
| #define HAVE___BUILTIN_BSWAP64 1
| #define HAVE___BUILTIN_CONSTANT_P 1
| #define HAVE___BUILTIN_CHOOSE_EXPR 1
| #define CFLAGS_WERROR_ATTRIBUTES 1
| #define HAVE_FUNC_ATTRIBUTE_NORETURN 1
| #define HAVE_FUNC_PTR_ATTRIBUTE_NORETURN 1
| #define HAVE_FUNC_ATTRIBUTE_RETURNS_NONNULL 1
| #define HAVE_FUNC_ATTRIBUTE_MALLOC 1
| #define HAVE_FUNC_ATTRIBUTE1_ALLOC_SIZE 1
| #define HAVE_FUNC_PTR_ATTRIBUTE1_ALLOC_SIZE 1
| /* end confdefs.h.  */
| 
| #include <stddef.h>
| #ifdef HAVE_STDIO_H
| # include <stdio.h>
| #endif
| #ifdef HAVE_STDLIB_H
| # include <stdlib.h>
| #endif
| #ifdef HAVE_STRING_H
| # include <string.h>
| #endif
| #ifdef HAVE_INTTYPES_H
| # include <inttypes.h>
| #endif
| #ifdef HAVE_STDINT_H
| # include <stdint.h>
| #endif
| #ifdef HAVE_STRINGS_H
| # include <strings.h>
| #endif
| #ifdef HAVE_SYS_TYPES_H
| # include <sys/types.h>
| #endif
| #ifdef HAVE_SYS_STAT_H
| # include <sys/stat.h>
| #endif
| #ifdef HAVE_UNISTD_H
| # include <unistd.h>
| #endif
| #include <string.h>
| #include <stdarg.h>
| #include <endian.h>
| extern void *  __attribute__((alloc_size(1,2)))
|   (*bar1)(int);
| void * foo1(void);
| void * foo1(void)
| {
| 	return
| 		bar1(1);
| }
| 
| typedef void *  __attribute__((alloc_size(1,2)))
|   (*bar_t)(int);
| extern bar_t bar2;
| void * foo2(void);
| void * foo2(void)
| {
| 	return
| 		bar2(1);
| }
| 
configure:8234: result: no
configure:8244: checking if /home/arnab/Aflplusplus/AFLplusplus/afl-clang-fast supports the sentinel function attribute
configure:8260: /home/arnab/Aflplusplus/AFLplusplus/afl-clang-fast -c -g -O2 -std=c17 -Werror=unknown-warning-option -fwrapv -ftrivial-auto-var-init=zero -U__STRICT_ANSI__ -fno-common -Werror=attributes  conftest.c >&5
configure:8260: $? = 0
configure:8262: result: yes
configure:8278: checking if /home/arnab/Aflplusplus/AFLplusplus/afl-clang-fast supports the sentinel function attribute on pointers
configure:8304: /home/arnab/Aflplusplus/AFLplusplus/afl-clang-fast -c -g -O2 -std=c17 -Werror=unknown-warning-option -fwrapv -ftrivial-auto-var-init=zero -U__STRICT_ANSI__ -fno-common -Werror=attributes  conftest.c >&5
conftest.c:159:32: error: 'sentinel' attribute only applies to functions, methods and blocks [-Werror,-Wignored-attributes]
  159 | typedef void *  __attribute__((sentinel))
      |                                ^
1 error generated.
configure:8304: $? = 1
configure: failed program was:
| /* confdefs.h */
| #define PACKAGE_NAME ""
| #define PACKAGE_TARNAME ""
| #define PACKAGE_VERSION ""
| #define PACKAGE_STRING ""
| #define PACKAGE_BUGREPORT ""
| #define PACKAGE_URL ""
| #define HAVE_STDIO_H 1
| #define HAVE_STDLIB_H 1
| #define HAVE_STRING_H 1
| #define HAVE_INTTYPES_H 1
| #define HAVE_STDINT_H 1
| #define HAVE_STRINGS_H 1
| #define HAVE_SYS_STAT_H 1
| #define HAVE_SYS_TYPES_H 1
| #define HAVE_UNISTD_H 1
| #define HAVE_WCHAR_H 1
| #define HAVE_SYS_PARAM_H 1
| #define STDC_HEADERS 1
| #define _ALL_SOURCE 1
| #define _DARWIN_C_SOURCE 1
| #define _GNU_SOURCE 1
| #define _HPUX_ALT_XOPEN_SOCKET_API 1
| #define _NETBSD_SOURCE 1
| #define _OPENBSD_SOURCE 1
| #define _POSIX_PTHREAD_SEMANTICS 1
| #define __STDC_WANT_IEC_60559_ATTRIBS_EXT__ 1
| #define __STDC_WANT_IEC_60559_BFP_EXT__ 1
| #define __STDC_WANT_IEC_60559_DFP_EXT__ 1
| #define __STDC_WANT_IEC_60559_FUNCS_EXT__ 1
| #define __STDC_WANT_IEC_60559_TYPES_EXT__ 1
| #define __STDC_WANT_LIB_EXT2__ 1
| #define __STDC_WANT_MATH_SPEC_FUNCS__ 1
| #define _TANDEM_SOURCE 1
| #define __EXTENSIONS__ 1
| #define CFLAGS_STD_C17 1
| #define WORDS_LITTLEENDIAN 1
| #define CFLAGS_WERROR_UNKNOWN_WARNING_OPTION 1
| #define CFLAGS_FWRAPV 1
| #define CFLAGS_FTRIVIAL_AUTO_VAR_INIT_ZERO 1
| #define CFLAGS_U_STRICT_ANSI 1
| #define CFLAGS_FNO_COMMON 1
| #define restrict __restrict__
| #define HAVE_STRING_H 1
| #define HAVE_STDARG_H 1
| #define HAVE_INTTYPES_H 1
| #define HAVE_STRINGS_H 1
| #define HAVE__BOOL 1
| #define HAVE_STDBOOL_H 1
| #define HAVE_STDNORETURN_H 1
| #define HAVE_FCNTL_H 1
| #define HAVE_UNISTD_H 1
| #define HAVE_SYS_MMAN_H 1
| #define HAVE_SYS_TYPES_H 1
| #define HAVE_SYS_STAT_H 1
| #define HAVE_SYS_RESOURCE_H 1
| #define HAVE_STRCASECMP 1
| #define HAVE_STRNCASECMP 1
| #define HAVE_STRSEP 1
| #define HAVE_STRNLEN 1
| #define HAVE_ISCNTRL 1
| #define HAVE_ISASCII 1
| #define HAVE_MEMPCPY 1
| #define HAVE_GETUID 1
| #define HAVE_GETGID 1
| #define HAVE_GETRLIMIT 1
| #define HAVE_REALPATH 1
| #define HAVE_CANONICALIZE_FILE_NAME 1
| #define HAVE_PATHCONF 1
| #define HAVE_FSEEKO 1
| #define HAVE_FTRUNCATE 1
| #define HAVE_FILENO 1
| #define HAVE_GETPAGESIZE 1
| #define HAVE_MMAP 1
| #define HAVE_GETPAGESIZE 1
| #define HAVE_SYSCONF 1
| #define HAVE_ACCESS 1
| #define HAVE_FACCESSAT 1
| #define HAVE___BUILTIN_EXPECT 1
| #define HAVE___BUILTIN_CLZ 1
| #define HAVE___BUILTIN_CLZL 1
| #define HAVE___BUILTIN_CLZLL 1
| #define HAVE_SNPRINTF 1
| #define HAVE_VSNPRINTF 1
| #define HAVE_STRUCT_STAT 1
| #define HAVE_STAT 1
| #define HAVE_FSTAT 1
| #define HAVE_DECL_STRCASECMP 1
| #define HAVE_DECL_STRICMP 0
| #define HAVE_DECL_STRNCASECMP 1
| #define HAVE_DECL_STRNICMP 0
| #define HAVE_DECL_STRSEP 1
| #define HAVE_DECL_STRLCPY 0
| #define HAVE_DECL_STRNLEN 1
| #define HAVE_DECL_STRRCHRNUL 0
| #define HAVE_UINTPTR_T 1
| #define HAVE_ENDIAN_H 1
| #define HAVE_HTOLE16 1
| #define HAVE_HTOLE32 1
| #define HAVE_HTOLE64 1
| #define HAVE___BSWAP_16 1
| #define HAVE___BSWAP_32 1
| #define HAVE___BSWAP_64 1
| #define HAVE___BUILTIN_BSWAP16 1
| #define HAVE___BUILTIN_BSWAP32 1
| #define HAVE___BUILTIN_BSWAP64 1
| #define HAVE___BUILTIN_CONSTANT_P 1
| #define HAVE___BUILTIN_CHOOSE_EXPR 1
| #define CFLAGS_WERROR_ATTRIBUTES 1
| #define HAVE_FUNC_ATTRIBUTE_NORETURN 1
| #define HAVE_FUNC_PTR_ATTRIBUTE_NORETURN 1
| #define HAVE_FUNC_ATTRIBUTE_RETURNS_NONNULL 1
| #define HAVE_FUNC_ATTRIBUTE_MALLOC 1
| #define HAVE_FUNC_ATTRIBUTE1_ALLOC_SIZE 1
| #define HAVE_FUNC_PTR_ATTRIBUTE1_ALLOC_SIZE 1
| #define HAVE_FUNC_ATTRIBUTE_SENTINEL 1
| /* end confdefs.h.  */
| 
| #include <stddef.h>
| #ifdef HAVE_STDIO_H
| # include <stdio.h>
| #endif
| #ifdef HAVE_STDLIB_H
| # include <stdlib.h>
| #endif
| #ifdef HAVE_STRING_H
| # include <string.h>
| #endif
| #ifdef HAVE_INTTYPES_H
| # include <inttypes.h>
| #endif
| #ifdef HAVE_STDINT_H
| # include <stdint.h>
| #endif
| #ifdef HAVE_STRINGS_H
| # include <strings.h>
| #endif
| #ifdef HAVE_SYS_TYPES_H
| # include <sys/types.h>
| #endif
| #ifdef HAVE_SYS_STAT_H
| # include <sys/stat.h>
| #endif
| #ifdef HAVE_UNISTD_H
| # include <unistd.h>
| #endif
| #include <string.h>
| #include <stdarg.h>
| #include <endian.h>
| extern void *  __attribute__((sentinel))
|   (*bar1)(const char *, ...);
| void * foo1(void);
| void * foo1(void)
| {
| 	return
| 		bar1("a","b",NULL);
| }
| 
| typedef void *  __attribute__((sentinel))
|   (*bar_t)(const char *, ...);
| extern bar_t bar2;
| void * foo2(void);
| void * foo2(void)
| {
| 	return
| 		bar2("a","b",NULL);
| }
| 
configure:8312: result: no
configure:8322: checking if /home/arnab/Aflplusplus/AFLplusplus/afl-clang-fast supports the format(printf,1,2) function attribute
configure:8338: /home/arnab/Aflplusplus/AFLplusplus/afl-clang-fast -c -g -O2 -std=c17 -Werror=unknown-warning-option -fwrapv -ftrivial-auto-var-init=zero -U__STRICT_ANSI__ -fno-common -Werror=attributes  conftest.c >&5
configure:8338: $? = 0
configure:8340: result: yes
configure:8356: checking if /home/arnab/Aflplusplus/AFLplusplus/afl-clang-fast supports the format(printf,1,2) function attribute on pointers
configure:8382: /home/arnab/Aflplusplus/AFLplusplus/afl-clang-fast -c -g -O2 -std=c17 -Werror=unknown-warning-option -fwrapv -ftrivial-auto-var-init=zero -U__STRICT_ANSI__ -fno-common -Werror=attributes  conftest.c >&5
configure:8382: $? = 0
configure:8384: result: yes
configure:8400: checking if /home/arnab/Aflplusplus/AFLplusplus/afl-clang-fast supports the const function attribute
configure:8416: /home/arnab/Aflplusplus/AFLplusplus/afl-clang-fast -c -g -O2 -std=c17 -Werror=unknown-warning-option -fwrapv -ftrivial-auto-var-init=zero -U__STRICT_ANSI__ -fno-common -Werror=attributes  conftest.c >&5
configure:8416: $? = 0
configure:8418: result: yes
configure:8434: checking if /home/arnab/Aflplusplus/AFLplusplus/afl-clang-fast supports the const function attribute on pointers
configure:8460: /home/arnab/Aflplusplus/AFLplusplus/afl-clang-fast -c -g -O2 -std=c17 -Werror=unknown-warning-option -fwrapv -ftrivial-auto-var-init=zero -U__STRICT_ANSI__ -fno-common -Werror=attributes  conftest.c >&5
configure:8460: $? = 0
configure:8462: result: yes
configure:8478: checking if /home/arnab/Aflplusplus/AFLplusplus/afl-clang-fast supports the pure function attribute
configure:8494: /home/arnab/Aflplusplus/AFLplusplus/afl-clang-fast -c -g -O2 -std=c17 -Werror=unknown-warning-option -fwrapv -ftrivial-auto-var-init=zero -U__STRICT_ANSI__ -fno-common -Werror=attributes  conftest.c >&5
configure:8494: $? = 0
configure:8496: result: yes
configure:8512: checking if /home/arnab/Aflplusplus/AFLplusplus/afl-clang-fast supports the pure function attribute on pointers
configure:8538: /home/arnab/Aflplusplus/AFLplusplus/afl-clang-fast -c -g -O2 -std=c17 -Werror=unknown-warning-option -fwrapv -ftrivial-auto-var-init=zero -U__STRICT_ANSI__ -fno-common -Werror=attributes  conftest.c >&5
configure:8538: $? = 0
configure:8540: result: yes
configure:8556: checking if /home/arnab/Aflplusplus/AFLplusplus/afl-clang-fast supports the cold function attribute
configure:8572: /home/arnab/Aflplusplus/AFLplusplus/afl-clang-fast -c -g -O2 -std=c17 -Werror=unknown-warning-option -fwrapv -ftrivial-auto-var-init=zero -U__STRICT_ANSI__ -fno-common -Werror=attributes  conftest.c >&5
configure:8572: $? = 0
configure:8574: result: yes
configure:8590: checking if /home/arnab/Aflplusplus/AFLplusplus/afl-clang-fast supports the cold function attribute on pointers
configure:8616: /home/arnab/Aflplusplus/AFLplusplus/afl-clang-fast -c -g -O2 -std=c17 -Werror=unknown-warning-option -fwrapv -ftrivial-auto-var-init=zero -U__STRICT_ANSI__ -fno-common -Werror=attributes  conftest.c >&5
conftest.c:157:31: error: 'cold' attribute only applies to functions [-Werror,-Wignored-attributes]
  157 | extern void *  __attribute__((cold))
      |                               ^
conftest.c:166:32: error: 'cold' attribute only applies to functions [-Werror,-Wignored-attributes]
  166 | typedef void *  __attribute__((cold))
      |                                ^
2 errors generated.
configure:8616: $? = 1
configure: failed program was:
| /* confdefs.h */
| #define PACKAGE_NAME ""
| #define PACKAGE_TARNAME ""
| #define PACKAGE_VERSION ""
| #define PACKAGE_STRING ""
| #define PACKAGE_BUGREPORT ""
| #define PACKAGE_URL ""
| #define HAVE_STDIO_H 1
| #define HAVE_STDLIB_H 1
| #define HAVE_STRING_H 1
| #define HAVE_INTTYPES_H 1
| #define HAVE_STDINT_H 1
| #define HAVE_STRINGS_H 1
| #define HAVE_SYS_STAT_H 1
| #define HAVE_SYS_TYPES_H 1
| #define HAVE_UNISTD_H 1
| #define HAVE_WCHAR_H 1
| #define HAVE_SYS_PARAM_H 1
| #define STDC_HEADERS 1
| #define _ALL_SOURCE 1
| #define _DARWIN_C_SOURCE 1
| #define _GNU_SOURCE 1
| #define _HPUX_ALT_XOPEN_SOCKET_API 1
| #define _NETBSD_SOURCE 1
| #define _OPENBSD_SOURCE 1
| #define _POSIX_PTHREAD_SEMANTICS 1
| #define __STDC_WANT_IEC_60559_ATTRIBS_EXT__ 1
| #define __STDC_WANT_IEC_60559_BFP_EXT__ 1
| #define __STDC_WANT_IEC_60559_DFP_EXT__ 1
| #define __STDC_WANT_IEC_60559_FUNCS_EXT__ 1
| #define __STDC_WANT_IEC_60559_TYPES_EXT__ 1
| #define __STDC_WANT_LIB_EXT2__ 1
| #define __STDC_WANT_MATH_SPEC_FUNCS__ 1
| #define _TANDEM_SOURCE 1
| #define __EXTENSIONS__ 1
| #define CFLAGS_STD_C17 1
| #define WORDS_LITTLEENDIAN 1
| #define CFLAGS_WERROR_UNKNOWN_WARNING_OPTION 1
| #define CFLAGS_FWRAPV 1
| #define CFLAGS_FTRIVIAL_AUTO_VAR_INIT_ZERO 1
| #define CFLAGS_U_STRICT_ANSI 1
| #define CFLAGS_FNO_COMMON 1
| #define restrict __restrict__
| #define HAVE_STRING_H 1
| #define HAVE_STDARG_H 1
| #define HAVE_INTTYPES_H 1
| #define HAVE_STRINGS_H 1
| #define HAVE__BOOL 1
| #define HAVE_STDBOOL_H 1
| #define HAVE_STDNORETURN_H 1
| #define HAVE_FCNTL_H 1
| #define HAVE_UNISTD_H 1
| #define HAVE_SYS_MMAN_H 1
| #define HAVE_SYS_TYPES_H 1
| #define HAVE_SYS_STAT_H 1
| #define HAVE_SYS_RESOURCE_H 1
| #define HAVE_STRCASECMP 1
| #define HAVE_STRNCASECMP 1
| #define HAVE_STRSEP 1
| #define HAVE_STRNLEN 1
| #define HAVE_ISCNTRL 1
| #define HAVE_ISASCII 1
| #define HAVE_MEMPCPY 1
| #define HAVE_GETUID 1
| #define HAVE_GETGID 1
| #define HAVE_GETRLIMIT 1
| #define HAVE_REALPATH 1
| #define HAVE_CANONICALIZE_FILE_NAME 1
| #define HAVE_PATHCONF 1
| #define HAVE_FSEEKO 1
| #define HAVE_FTRUNCATE 1
| #define HAVE_FILENO 1
| #define HAVE_GETPAGESIZE 1
| #define HAVE_MMAP 1
| #define HAVE_GETPAGESIZE 1
| #define HAVE_SYSCONF 1
| #define HAVE_ACCESS 1
| #define HAVE_FACCESSAT 1
| #define HAVE___BUILTIN_EXPECT 1
| #define HAVE___BUILTIN_CLZ 1
| #define HAVE___BUILTIN_CLZL 1
| #define HAVE___BUILTIN_CLZLL 1
| #define HAVE_SNPRINTF 1
| #define HAVE_VSNPRINTF 1
| #define HAVE_STRUCT_STAT 1
| #define HAVE_STAT 1
| #define HAVE_FSTAT 1
| #define HAVE_DECL_STRCASECMP 1
| #define HAVE_DECL_STRICMP 0
| #define HAVE_DECL_STRNCASECMP 1
| #define HAVE_DECL_STRNICMP 0
| #define HAVE_DECL_STRSEP 1
| #define HAVE_DECL_STRLCPY 0
| #define HAVE_DECL_STRNLEN 1
| #define HAVE_DECL_STRRCHRNUL 0
| #define HAVE_UINTPTR_T 1
| #define HAVE_ENDIAN_H 1
| #define HAVE_HTOLE16 1
| #define HAVE_HTOLE32 1
| #define HAVE_HTOLE64 1
| #define HAVE___BSWAP_16 1
| #define HAVE___BSWAP_32 1
| #define HAVE___BSWAP_64 1
| #define HAVE___BUILTIN_BSWAP16 1
| #define HAVE___BUILTIN_BSWAP32 1
| #define HAVE___BUILTIN_BSWAP64 1
| #define HAVE___BUILTIN_CONSTANT_P 1
| #define HAVE___BUILTIN_CHOOSE_EXPR 1
| #define CFLAGS_WERROR_ATTRIBUTES 1
| #define HAVE_FUNC_ATTRIBUTE_NORETURN 1
| #define HAVE_FUNC_PTR_ATTRIBUTE_NORETURN 1
| #define HAVE_FUNC_ATTRIBUTE_RETURNS_NONNULL 1
| #define HAVE_FUNC_ATTRIBUTE_MALLOC 1
| #define HAVE_FUNC_ATTRIBUTE1_ALLOC_SIZE 1
| #define HAVE_FUNC_PTR_ATTRIBUTE1_ALLOC_SIZE 1
| #define HAVE_FUNC_ATTRIBUTE_SENTINEL 1
| #define HAVE_FUNC_ATTRIBUTE3_FORMAT 1
| #define HAVE_FUNC_PTR_ATTRIBUTE3_FORMAT 1
| #define HAVE_FUNC_ATTRIBUTE_CONST 1
| #define HAVE_FUNC_PTR_ATTRIBUTE_CONST 1
| #define HAVE_FUNC_ATTRIBUTE_PURE 1
| #define HAVE_FUNC_PTR_ATTRIBUTE_PURE 1
| #define HAVE_FUNC_ATTRIBUTE_COLD 1
| /* end confdefs.h.  */
| 
| #include <stddef.h>
| #ifdef HAVE_STDIO_H
| # include <stdio.h>
| #endif
| #ifdef HAVE_STDLIB_H
| # include <stdlib.h>
| #endif
| #ifdef HAVE_STRING_H
| # include <string.h>
| #endif
| #ifdef HAVE_INTTYPES_H
| # include <inttypes.h>
| #endif
| #ifdef HAVE_STDINT_H
| # include <stdint.h>
| #endif
| #ifdef HAVE_STRINGS_H
| # include <strings.h>
| #endif
| #ifdef HAVE_SYS_TYPES_H
| # include <sys/types.h>
| #endif
| #ifdef HAVE_SYS_STAT_H
| # include <sys/stat.h>
| #endif
| #ifdef HAVE_UNISTD_H
| # include <unistd.h>
| #endif
| #include <string.h>
| #include <stdarg.h>
| #include <endian.h>
| extern void *  __attribute__((cold))
|   (*bar1)(int);
| void * foo1(void);
| void * foo1(void)
| {
| 	return
| 		bar1(1);
| }
| 
| typedef void *  __attribute__((cold))
|   (*bar_t)(int);
| extern bar_t bar2;
| void * foo2(void);
| void * foo2(void)
| {
| 	return
| 		bar2(1);
| }
| 
configure:8624: result: no
configure:8634: checking if /home/arnab/Aflplusplus/AFLplusplus/afl-clang-fast supports the unused function attribute
configure:8650: /home/arnab/Aflplusplus/AFLplusplus/afl-clang-fast -c -g -O2 -std=c17 -Werror=unknown-warning-option -fwrapv -ftrivial-auto-var-init=zero -U__STRICT_ANSI__ -fno-common -Werror=attributes  conftest.c >&5
configure:8650: $? = 0
configure:8652: result: yes
configure:8668: checking if /home/arnab/Aflplusplus/AFLplusplus/afl-clang-fast supports the unused function attribute on pointers
configure:8694: /home/arnab/Aflplusplus/AFLplusplus/afl-clang-fast -c -g -O2 -std=c17 -Werror=unknown-warning-option -fwrapv -ftrivial-auto-var-init=zero -U__STRICT_ANSI__ -fno-common -Werror=attributes  conftest.c >&5
configure:8694: $? = 0
configure:8696: result: yes
configure:8708: checking if /home/arnab/Aflplusplus/AFLplusplus/afl-clang-fast supports the error function attribute
configure:8723: /home/arnab/Aflplusplus/AFLplusplus/afl-clang-fast -c -g -O2 -std=c17 -Werror=unknown-warning-option -fwrapv -ftrivial-auto-var-init=zero -U__STRICT_ANSI__ -fno-common -Werror=attributes  conftest.c >&5
configure:8723: $? = 0
configure:8725: result: yes
configure:8750: checking if /home/arnab/Aflplusplus/AFLplusplus/afl-clang-fast accepts -ffunction-sections
configure:8765: /home/arnab/Aflplusplus/AFLplusplus/afl-clang-fast -o conftest -g -O2 -std=c17 -Werror=unknown-warning-option -fwrapv -ftrivial-auto-var-init=zero -U__STRICT_ANSI__ -fno-common -Werror=attributes -ffunction-sections   conftest.c  >&5
configure:8765: $? = 0
configure:8767: result: yes
configure:8782: checking if /home/arnab/Aflplusplus/AFLplusplus/afl-clang-fast accepts -fdata-sections
configure:8797: /home/arnab/Aflplusplus/AFLplusplus/afl-clang-fast -o conftest -g -O2 -std=c17 -Werror=unknown-warning-option -fwrapv -ftrivial-auto-var-init=zero -U__STRICT_ANSI__ -fno-common -Werror=attributes -ffunction-sections -fdata-sections   conftest.c  >&5
configure:8797: $? = 0
configure:8799: result: yes
configure:8814: checking if /home/arnab/Aflplusplus/AFLplusplus/afl-clang-fast accepts -Wl,--gc-sections
configure:8829: /home/arnab/Aflplusplus/AFLplusplus/afl-clang-fast -o conftest -g -O2 -std=c17 -Werror=unknown-warning-option -fwrapv -ftrivial-auto-var-init=zero -U__STRICT_ANSI__ -fno-common -Werror=attributes -ffunction-sections -fdata-sections   -Wl,--gc-sections conftest.c  >&5
configure:8829: $? = 0
configure:8831: result: yes
configure:9109: checking if /home/arnab/Aflplusplus/AFLplusplus/afl-clang-fast accepts -fvisibility=hidden
configure:9124: /home/arnab/Aflplusplus/AFLplusplus/afl-clang-fast -o conftest -g -O2 -std=c17 -Werror=unknown-warning-option -fwrapv -ftrivial-auto-var-init=zero -U__STRICT_ANSI__ -fno-common -Werror=attributes -ffunction-sections -fdata-sections -fvisibility=hidden   -Wl,--gc-sections conftest.c  >&5
configure:9124: $? = 0
configure:9126: result: yes
configure:9142: checking if /home/arnab/Aflplusplus/AFLplusplus/afl-clang-fast accepts -Wall
configure:9157: /home/arnab/Aflplusplus/AFLplusplus/afl-clang-fast -o conftest -g -O2 -std=c17 -Werror=unknown-warning-option -fwrapv -ftrivial-auto-var-init=zero -U__STRICT_ANSI__ -fno-common -Werror=attributes -ffunction-sections -fdata-sections -fvisibility=hidden -Wall   -Wl,--gc-sections conftest.c  >&5
configure:9157: $? = 0
configure:9159: result: yes
configure:9187: checking if /home/arnab/Aflplusplus/AFLplusplus/afl-clang-fast accepts -W
configure:9202: /home/arnab/Aflplusplus/AFLplusplus/afl-clang-fast -o conftest -g -O2 -std=c17 -Werror=unknown-warning-option -fwrapv -ftrivial-auto-var-init=zero -U__STRICT_ANSI__ -fno-common -Werror=attributes -ffunction-sections -fdata-sections -fvisibility=hidden -Wall -W   -Wl,--gc-sections conftest.c  >&5
configure:9202: $? = 0
configure:9204: result: yes
configure:9219: checking if /home/arnab/Aflplusplus/AFLplusplus/afl-clang-fast accepts -pedantic
configure:9234: /home/arnab/Aflplusplus/AFLplusplus/afl-clang-fast -o conftest -g -O2 -std=c17 -Werror=unknown-warning-option -fwrapv -ftrivial-auto-var-init=zero -U__STRICT_ANSI__ -fno-common -Werror=attributes -ffunction-sections -fdata-sections -fvisibility=hidden -Wall -W -pedantic   -Wl,--gc-sections conftest.c  >&5
configure:9234: $? = 0
configure:9236: result: yes
configure:9251: checking if /home/arnab/Aflplusplus/AFLplusplus/afl-clang-fast accepts -Wc90-c99-compat
configure:9266: /home/arnab/Aflplusplus/AFLplusplus/afl-clang-fast -o conftest -g -O2 -std=c17 -Werror=unknown-warning-option -fwrapv -ftrivial-auto-var-init=zero -U__STRICT_ANSI__ -fno-common -Werror=attributes -ffunction-sections -fdata-sections -fvisibility=hidden -Wall -W -pedantic -Wc90-c99-compat   -Wl,--gc-sections conftest.c  >&5
error: unknown warning option '-Wc90-c99-compat'; did you mean '-Wc99-compat'? [-Werror,-Wunknown-warning-option]
configure:9266: $? = 1
configure: failed program was:
| /* confdefs.h */
| #define PACKAGE_NAME ""
| #define PACKAGE_TARNAME ""
| #define PACKAGE_VERSION ""
| #define PACKAGE_STRING ""
| #define PACKAGE_BUGREPORT ""
| #define PACKAGE_URL ""
| #define HAVE_STDIO_H 1
| #define HAVE_STDLIB_H 1
| #define HAVE_STRING_H 1
| #define HAVE_INTTYPES_H 1
| #define HAVE_STDINT_H 1
| #define HAVE_STRINGS_H 1
| #define HAVE_SYS_STAT_H 1
| #define HAVE_SYS_TYPES_H 1
| #define HAVE_UNISTD_H 1
| #define HAVE_WCHAR_H 1
| #define HAVE_SYS_PARAM_H 1
| #define STDC_HEADERS 1
| #define _ALL_SOURCE 1
| #define _DARWIN_C_SOURCE 1
| #define _GNU_SOURCE 1
| #define _HPUX_ALT_XOPEN_SOCKET_API 1
| #define _NETBSD_SOURCE 1
| #define _OPENBSD_SOURCE 1
| #define _POSIX_PTHREAD_SEMANTICS 1
| #define __STDC_WANT_IEC_60559_ATTRIBS_EXT__ 1
| #define __STDC_WANT_IEC_60559_BFP_EXT__ 1
| #define __STDC_WANT_IEC_60559_DFP_EXT__ 1
| #define __STDC_WANT_IEC_60559_FUNCS_EXT__ 1
| #define __STDC_WANT_IEC_60559_TYPES_EXT__ 1
| #define __STDC_WANT_LIB_EXT2__ 1
| #define __STDC_WANT_MATH_SPEC_FUNCS__ 1
| #define _TANDEM_SOURCE 1
| #define __EXTENSIONS__ 1
| #define CFLAGS_STD_C17 1
| #define WORDS_LITTLEENDIAN 1
| #define CFLAGS_WERROR_UNKNOWN_WARNING_OPTION 1
| #define CFLAGS_FWRAPV 1
| #define CFLAGS_FTRIVIAL_AUTO_VAR_INIT_ZERO 1
| #define CFLAGS_U_STRICT_ANSI 1
| #define CFLAGS_FNO_COMMON 1
| #define restrict __restrict__
| #define HAVE_STRING_H 1
| #define HAVE_STDARG_H 1
| #define HAVE_INTTYPES_H 1
| #define HAVE_STRINGS_H 1
| #define HAVE__BOOL 1
| #define HAVE_STDBOOL_H 1
| #define HAVE_STDNORETURN_H 1
| #define HAVE_FCNTL_H 1
| #define HAVE_UNISTD_H 1
| #define HAVE_SYS_MMAN_H 1
| #define HAVE_SYS_TYPES_H 1
| #define HAVE_SYS_STAT_H 1
| #define HAVE_SYS_RESOURCE_H 1
| #define HAVE_STRCASECMP 1
| #define HAVE_STRNCASECMP 1
| #define HAVE_STRSEP 1
| #define HAVE_STRNLEN 1
| #define HAVE_ISCNTRL 1
| #define HAVE_ISASCII 1
| #define HAVE_MEMPCPY 1
| #define HAVE_GETUID 1
| #define HAVE_GETGID 1
| #define HAVE_GETRLIMIT 1
| #define HAVE_REALPATH 1
| #define HAVE_CANONICALIZE_FILE_NAME 1
| #define HAVE_PATHCONF 1
| #define HAVE_FSEEKO 1
| #define HAVE_FTRUNCATE 1
| #define HAVE_FILENO 1
| #define HAVE_GETPAGESIZE 1
| #define HAVE_MMAP 1
| #define HAVE_GETPAGESIZE 1
| #define HAVE_SYSCONF 1
| #define HAVE_ACCESS 1
| #define HAVE_FACCESSAT 1
| #define HAVE___BUILTIN_EXPECT 1
| #define HAVE___BUILTIN_CLZ 1
| #define HAVE___BUILTIN_CLZL 1
| #define HAVE___BUILTIN_CLZLL 1
| #define HAVE_SNPRINTF 1
| #define HAVE_VSNPRINTF 1
| #define HAVE_STRUCT_STAT 1
| #define HAVE_STAT 1
| #define HAVE_FSTAT 1
| #define HAVE_DECL_STRCASECMP 1
| #define HAVE_DECL_STRICMP 0
| #define HAVE_DECL_STRNCASECMP 1
| #define HAVE_DECL_STRNICMP 0
| #define HAVE_DECL_STRSEP 1
| #define HAVE_DECL_STRLCPY 0
| #define HAVE_DECL_STRNLEN 1
| #define HAVE_DECL_STRRCHRNUL 0
| #define HAVE_UINTPTR_T 1
| #define HAVE_ENDIAN_H 1
| #define HAVE_HTOLE16 1
| #define HAVE_HTOLE32 1
| #define HAVE_HTOLE64 1
| #define HAVE___BSWAP_16 1
| #define HAVE___BSWAP_32 1
| #define HAVE___BSWAP_64 1
| #define HAVE___BUILTIN_BSWAP16 1
| #define HAVE___BUILTIN_BSWAP32 1
| #define HAVE___BUILTIN_BSWAP64 1
| #define HAVE___BUILTIN_CONSTANT_P 1
| #define HAVE___BUILTIN_CHOOSE_EXPR 1
| #define CFLAGS_WERROR_ATTRIBUTES 1
| #define HAVE_FUNC_ATTRIBUTE_NORETURN 1
| #define HAVE_FUNC_PTR_ATTRIBUTE_NORETURN 1
| #define HAVE_FUNC_ATTRIBUTE_RETURNS_NONNULL 1
| #define HAVE_FUNC_ATTRIBUTE_MALLOC 1
| #define HAVE_FUNC_ATTRIBUTE1_ALLOC_SIZE 1
| #define HAVE_FUNC_PTR_ATTRIBUTE1_ALLOC_SIZE 1
| #define HAVE_FUNC_ATTRIBUTE_SENTINEL 1
| #define HAVE_FUNC_ATTRIBUTE3_FORMAT 1
| #define HAVE_FUNC_PTR_ATTRIBUTE3_FORMAT 1
| #define HAVE_FUNC_ATTRIBUTE_CONST 1
| #define HAVE_FUNC_PTR_ATTRIBUTE_CONST 1
| #define HAVE_FUNC_ATTRIBUTE_PURE 1
| #define HAVE_FUNC_PTR_ATTRIBUTE_PURE 1
| #define HAVE_FUNC_ATTRIBUTE_COLD 1
| #define HAVE_FUNC_ATTRIBUTE_UNUSED 1
| #define HAVE_FUNC_PTR_ATTRIBUTE_UNUSED 1
| #define HAVE_FUNC_ATTRIBUTE_ERROR 1
| #define CFLAGS_FFUNCTION_SECTIONS 1
| #define CFLAGS_FDATA_SECTIONS 1
| #define LDFLAGS_WL_GC_SECTIONS 1
| #define CFLAGS_FVISIBILITY_HIDDEN 1
| #define CFLAGS_WALL 1
| #define CFLAGS_W 1
| #define CFLAGS_PEDANTIC 1
| /* end confdefs.h.  */
| #include <stddef.h>
| #ifdef HAVE_STDIO_H
| # include <stdio.h>
| #endif
| #ifdef HAVE_STDLIB_H
| # include <stdlib.h>
| #endif
| #ifdef HAVE_STRING_H
| # include <string.h>
| #endif
| #ifdef HAVE_INTTYPES_H
| # include <inttypes.h>
| #endif
| #ifdef HAVE_STDINT_H
| # include <stdint.h>
| #endif
| #ifdef HAVE_STRINGS_H
| # include <strings.h>
| #endif
| #ifdef HAVE_SYS_TYPES_H
| # include <sys/types.h>
| #endif
| #ifdef HAVE_SYS_STAT_H
| # include <sys/stat.h>
| #endif
| #ifdef HAVE_UNISTD_H
| # include <unistd.h>
| #endif
| #include <string.h>
| #include <stdarg.h>
| #include <endian.h>
| int
| main (void)
| {
| printf("Hello, World!\n");
|   ;
|   return 0;
| }
configure:9276: result: no
configure:9283: checking if /home/arnab/Aflplusplus/AFLplusplus/afl-clang-fast accepts -Wc99-compat
configure:9298: /home/arnab/Aflplusplus/AFLplusplus/afl-clang-fast -o conftest -g -O2 -std=c17 -Werror=unknown-warning-option -fwrapv -ftrivial-auto-var-init=zero -U__STRICT_ANSI__ -fno-common -Werror=attributes -ffunction-sections -fdata-sections -fvisibility=hidden -Wall -W -pedantic -Wc99-compat   -Wl,--gc-sections conftest.c  >&5
configure:9298: $? = 0
configure:9300: result: yes
configure:9315: checking if /home/arnab/Aflplusplus/AFLplusplus/afl-clang-fast accepts -Wc99-extensions
configure:9330: /home/arnab/Aflplusplus/AFLplusplus/afl-clang-fast -o conftest -g -O2 -std=c17 -Werror=unknown-warning-option -fwrapv -ftrivial-auto-var-init=zero -U__STRICT_ANSI__ -fno-common -Werror=attributes -ffunction-sections -fdata-sections -fvisibility=hidden -Wall -W -pedantic -Wc99-compat -Wc99-extensions   -Wl,--gc-sections conftest.c  >&5
configure:9330: $? = 0
configure:9332: result: yes
configure:9350: checking if /home/arnab/Aflplusplus/AFLplusplus/afl-clang-fast accepts -Wpedantic-ms-format
configure:9365: /home/arnab/Aflplusplus/AFLplusplus/afl-clang-fast -o conftest -g -O2 -std=c17 -Werror=unknown-warning-option -fwrapv -ftrivial-auto-var-init=zero -U__STRICT_ANSI__ -fno-common -Werror=attributes -ffunction-sections -fdata-sections -fvisibility=hidden -Wall -W -pedantic -Wc99-compat -Wc99-extensions -Wpedantic-ms-format   -Wl,--gc-sections conftest.c  >&5
error: unknown warning option '-Wpedantic-ms-format'; did you mean '-Wpedantic-macros'? [-Werror,-Wunknown-warning-option]
configure:9365: $? = 1
configure: failed program was:
| /* confdefs.h */
| #define PACKAGE_NAME ""
| #define PACKAGE_TARNAME ""
| #define PACKAGE_VERSION ""
| #define PACKAGE_STRING ""
| #define PACKAGE_BUGREPORT ""
| #define PACKAGE_URL ""
| #define HAVE_STDIO_H 1
| #define HAVE_STDLIB_H 1
| #define HAVE_STRING_H 1
| #define HAVE_INTTYPES_H 1
| #define HAVE_STDINT_H 1
| #define HAVE_STRINGS_H 1
| #define HAVE_SYS_STAT_H 1
| #define HAVE_SYS_TYPES_H 1
| #define HAVE_UNISTD_H 1
| #define HAVE_WCHAR_H 1
| #define HAVE_SYS_PARAM_H 1
| #define STDC_HEADERS 1
| #define _ALL_SOURCE 1
| #define _DARWIN_C_SOURCE 1
| #define _GNU_SOURCE 1
| #define _HPUX_ALT_XOPEN_SOCKET_API 1
| #define _NETBSD_SOURCE 1
| #define _OPENBSD_SOURCE 1
| #define _POSIX_PTHREAD_SEMANTICS 1
| #define __STDC_WANT_IEC_60559_ATTRIBS_EXT__ 1
| #define __STDC_WANT_IEC_60559_BFP_EXT__ 1
| #define __STDC_WANT_IEC_60559_DFP_EXT__ 1
| #define __STDC_WANT_IEC_60559_FUNCS_EXT__ 1
| #define __STDC_WANT_IEC_60559_TYPES_EXT__ 1
| #define __STDC_WANT_LIB_EXT2__ 1
| #define __STDC_WANT_MATH_SPEC_FUNCS__ 1
| #define _TANDEM_SOURCE 1
| #define __EXTENSIONS__ 1
| #define CFLAGS_STD_C17 1
| #define WORDS_LITTLEENDIAN 1
| #define CFLAGS_WERROR_UNKNOWN_WARNING_OPTION 1
| #define CFLAGS_FWRAPV 1
| #define CFLAGS_FTRIVIAL_AUTO_VAR_INIT_ZERO 1
| #define CFLAGS_U_STRICT_ANSI 1
| #define CFLAGS_FNO_COMMON 1
| #define restrict __restrict__
| #define HAVE_STRING_H 1
| #define HAVE_STDARG_H 1
| #define HAVE_INTTYPES_H 1
| #define HAVE_STRINGS_H 1
| #define HAVE__BOOL 1
| #define HAVE_STDBOOL_H 1
| #define HAVE_STDNORETURN_H 1
| #define HAVE_FCNTL_H 1
| #define HAVE_UNISTD_H 1
| #define HAVE_SYS_MMAN_H 1
| #define HAVE_SYS_TYPES_H 1
| #define HAVE_SYS_STAT_H 1
| #define HAVE_SYS_RESOURCE_H 1
| #define HAVE_STRCASECMP 1
| #define HAVE_STRNCASECMP 1
| #define HAVE_STRSEP 1
| #define HAVE_STRNLEN 1
| #define HAVE_ISCNTRL 1
| #define HAVE_ISASCII 1
| #define HAVE_MEMPCPY 1
| #define HAVE_GETUID 1
| #define HAVE_GETGID 1
| #define HAVE_GETRLIMIT 1
| #define HAVE_REALPATH 1
| #define HAVE_CANONICALIZE_FILE_NAME 1
| #define HAVE_PATHCONF 1
| #define HAVE_FSEEKO 1
| #define HAVE_FTRUNCATE 1
| #define HAVE_FILENO 1
| #define HAVE_GETPAGESIZE 1
| #define HAVE_MMAP 1
| #define HAVE_GETPAGESIZE 1
| #define HAVE_SYSCONF 1
| #define HAVE_ACCESS 1
| #define HAVE_FACCESSAT 1
| #define HAVE___BUILTIN_EXPECT 1
| #define HAVE___BUILTIN_CLZ 1
| #define HAVE___BUILTIN_CLZL 1
| #define HAVE___BUILTIN_CLZLL 1
| #define HAVE_SNPRINTF 1
| #define HAVE_VSNPRINTF 1
| #define HAVE_STRUCT_STAT 1
| #define HAVE_STAT 1
| #define HAVE_FSTAT 1
| #define HAVE_DECL_STRCASECMP 1
| #define HAVE_DECL_STRICMP 0
| #define HAVE_DECL_STRNCASECMP 1
| #define HAVE_DECL_STRNICMP 0
| #define HAVE_DECL_STRSEP 1
| #define HAVE_DECL_STRLCPY 0
| #define HAVE_DECL_STRNLEN 1
| #define HAVE_DECL_STRRCHRNUL 0
| #define HAVE_UINTPTR_T 1
| #define HAVE_ENDIAN_H 1
| #define HAVE_HTOLE16 1
| #define HAVE_HTOLE32 1
| #define HAVE_HTOLE64 1
| #define HAVE___BSWAP_16 1
| #define HAVE___BSWAP_32 1
| #define HAVE___BSWAP_64 1
| #define HAVE___BUILTIN_BSWAP16 1
| #define HAVE___BUILTIN_BSWAP32 1
| #define HAVE___BUILTIN_BSWAP64 1
| #define HAVE___BUILTIN_CONSTANT_P 1
| #define HAVE___BUILTIN_CHOOSE_EXPR 1
| #define CFLAGS_WERROR_ATTRIBUTES 1
| #define HAVE_FUNC_ATTRIBUTE_NORETURN 1
| #define HAVE_FUNC_PTR_ATTRIBUTE_NORETURN 1
| #define HAVE_FUNC_ATTRIBUTE_RETURNS_NONNULL 1
| #define HAVE_FUNC_ATTRIBUTE_MALLOC 1
| #define HAVE_FUNC_ATTRIBUTE1_ALLOC_SIZE 1
| #define HAVE_FUNC_PTR_ATTRIBUTE1_ALLOC_SIZE 1
| #define HAVE_FUNC_ATTRIBUTE_SENTINEL 1
| #define HAVE_FUNC_ATTRIBUTE3_FORMAT 1
| #define HAVE_FUNC_PTR_ATTRIBUTE3_FORMAT 1
| #define HAVE_FUNC_ATTRIBUTE_CONST 1
| #define HAVE_FUNC_PTR_ATTRIBUTE_CONST 1
| #define HAVE_FUNC_ATTRIBUTE_PURE 1
| #define HAVE_FUNC_PTR_ATTRIBUTE_PURE 1
| #define HAVE_FUNC_ATTRIBUTE_COLD 1
| #define HAVE_FUNC_ATTRIBUTE_UNUSED 1
| #define HAVE_FUNC_PTR_ATTRIBUTE_UNUSED 1
| #define HAVE_FUNC_ATTRIBUTE_ERROR 1
| #define CFLAGS_FFUNCTION_SECTIONS 1
| #define CFLAGS_FDATA_SECTIONS 1
| #define LDFLAGS_WL_GC_SECTIONS 1
| #define CFLAGS_FVISIBILITY_HIDDEN 1
| #define CFLAGS_WALL 1
| #define CFLAGS_W 1
| #define CFLAGS_PEDANTIC 1
| #define CFLAGS_WC99_COMPAT 1
| #define CFLAGS_WC99_EXTENSIONS 1
| /* end confdefs.h.  */
| #include <stddef.h>
| #ifdef HAVE_STDIO_H
| # include <stdio.h>
| #endif
| #ifdef HAVE_STDLIB_H
| # include <stdlib.h>
| #endif
| #ifdef HAVE_STRING_H
| # include <string.h>
| #endif
| #ifdef HAVE_INTTYPES_H
| # include <inttypes.h>
| #endif
| #ifdef HAVE_STDINT_H
| # include <stdint.h>
| #endif
| #ifdef HAVE_STRINGS_H
| # include <strings.h>
| #endif
| #ifdef HAVE_SYS_TYPES_H
| # include <sys/types.h>
| #endif
| #ifdef HAVE_SYS_STAT_H
| # include <sys/stat.h>
| #endif
| #ifdef HAVE_UNISTD_H
| # include <unistd.h>
| #endif
| #include <string.h>
| #include <stdarg.h>
| #include <endian.h>
| int
| main (void)
| {
| printf("Hello, World!\n");
|   ;
|   return 0;
| }
configure:9375: result: no
configure:9382: checking if /home/arnab/Aflplusplus/AFLplusplus/afl-clang-fast accepts -Wlong-long
configure:9397: /home/arnab/Aflplusplus/AFLplusplus/afl-clang-fast -o conftest -g -O2 -std=c17 -Werror=unknown-warning-option -fwrapv -ftrivial-auto-var-init=zero -U__STRICT_ANSI__ -fno-common -Werror=attributes -ffunction-sections -fdata-sections -fvisibility=hidden -Wall -W -pedantic -Wc99-compat -Wc99-extensions -Wlong-long   -Wl,--gc-sections conftest.c  >&5
configure:9397: $? = 0
configure:9399: result: yes
configure:9414: checking if /home/arnab/Aflplusplus/AFLplusplus/afl-clang-fast accepts -Wstringop-truncation
configure:9429: /home/arnab/Aflplusplus/AFLplusplus/afl-clang-fast -o conftest -g -O2 -std=c17 -Werror=unknown-warning-option -fwrapv -ftrivial-auto-var-init=zero -U__STRICT_ANSI__ -fno-common -Werror=attributes -ffunction-sections -fdata-sections -fvisibility=hidden -Wall -W -pedantic -Wc99-compat -Wc99-extensions -Wno-long-long -Wstringop-truncation   -Wl,--gc-sections conftest.c  >&5
error: unknown warning option '-Wstringop-truncation'; did you mean '-Wformat-truncation'? [-Werror,-Wunknown-warning-option]
configure:9429: $? = 1
configure: failed program was:
| /* confdefs.h */
| #define PACKAGE_NAME ""
| #define PACKAGE_TARNAME ""
| #define PACKAGE_VERSION ""
| #define PACKAGE_STRING ""
| #define PACKAGE_BUGREPORT ""
| #define PACKAGE_URL ""
| #define HAVE_STDIO_H 1
| #define HAVE_STDLIB_H 1
| #define HAVE_STRING_H 1
| #define HAVE_INTTYPES_H 1
| #define HAVE_STDINT_H 1
| #define HAVE_STRINGS_H 1
| #define HAVE_SYS_STAT_H 1
| #define HAVE_SYS_TYPES_H 1
| #define HAVE_UNISTD_H 1
| #define HAVE_WCHAR_H 1
| #define HAVE_SYS_PARAM_H 1
| #define STDC_HEADERS 1
| #define _ALL_SOURCE 1
| #define _DARWIN_C_SOURCE 1
| #define _GNU_SOURCE 1
| #define _HPUX_ALT_XOPEN_SOCKET_API 1
| #define _NETBSD_SOURCE 1
| #define _OPENBSD_SOURCE 1
| #define _POSIX_PTHREAD_SEMANTICS 1
| #define __STDC_WANT_IEC_60559_ATTRIBS_EXT__ 1
| #define __STDC_WANT_IEC_60559_BFP_EXT__ 1
| #define __STDC_WANT_IEC_60559_DFP_EXT__ 1
| #define __STDC_WANT_IEC_60559_FUNCS_EXT__ 1
| #define __STDC_WANT_IEC_60559_TYPES_EXT__ 1
| #define __STDC_WANT_LIB_EXT2__ 1
| #define __STDC_WANT_MATH_SPEC_FUNCS__ 1
| #define _TANDEM_SOURCE 1
| #define __EXTENSIONS__ 1
| #define CFLAGS_STD_C17 1
| #define WORDS_LITTLEENDIAN 1
| #define CFLAGS_WERROR_UNKNOWN_WARNING_OPTION 1
| #define CFLAGS_FWRAPV 1
| #define CFLAGS_FTRIVIAL_AUTO_VAR_INIT_ZERO 1
| #define CFLAGS_U_STRICT_ANSI 1
| #define CFLAGS_FNO_COMMON 1
| #define restrict __restrict__
| #define HAVE_STRING_H 1
| #define HAVE_STDARG_H 1
| #define HAVE_INTTYPES_H 1
| #define HAVE_STRINGS_H 1
| #define HAVE__BOOL 1
| #define HAVE_STDBOOL_H 1
| #define HAVE_STDNORETURN_H 1
| #define HAVE_FCNTL_H 1
| #define HAVE_UNISTD_H 1
| #define HAVE_SYS_MMAN_H 1
| #define HAVE_SYS_TYPES_H 1
| #define HAVE_SYS_STAT_H 1
| #define HAVE_SYS_RESOURCE_H 1
| #define HAVE_STRCASECMP 1
| #define HAVE_STRNCASECMP 1
| #define HAVE_STRSEP 1
| #define HAVE_STRNLEN 1
| #define HAVE_ISCNTRL 1
| #define HAVE_ISASCII 1
| #define HAVE_MEMPCPY 1
| #define HAVE_GETUID 1
| #define HAVE_GETGID 1
| #define HAVE_GETRLIMIT 1
| #define HAVE_REALPATH 1
| #define HAVE_CANONICALIZE_FILE_NAME 1
| #define HAVE_PATHCONF 1
| #define HAVE_FSEEKO 1
| #define HAVE_FTRUNCATE 1
| #define HAVE_FILENO 1
| #define HAVE_GETPAGESIZE 1
| #define HAVE_MMAP 1
| #define HAVE_GETPAGESIZE 1
| #define HAVE_SYSCONF 1
| #define HAVE_ACCESS 1
| #define HAVE_FACCESSAT 1
| #define HAVE___BUILTIN_EXPECT 1
| #define HAVE___BUILTIN_CLZ 1
| #define HAVE___BUILTIN_CLZL 1
| #define HAVE___BUILTIN_CLZLL 1
| #define HAVE_SNPRINTF 1
| #define HAVE_VSNPRINTF 1
| #define HAVE_STRUCT_STAT 1
| #define HAVE_STAT 1
| #define HAVE_FSTAT 1
| #define HAVE_DECL_STRCASECMP 1
| #define HAVE_DECL_STRICMP 0
| #define HAVE_DECL_STRNCASECMP 1
| #define HAVE_DECL_STRNICMP 0
| #define HAVE_DECL_STRSEP 1
| #define HAVE_DECL_STRLCPY 0
| #define HAVE_DECL_STRNLEN 1
| #define HAVE_DECL_STRRCHRNUL 0
| #define HAVE_UINTPTR_T 1
| #define HAVE_ENDIAN_H 1
| #define HAVE_HTOLE16 1
| #define HAVE_HTOLE32 1
| #define HAVE_HTOLE64 1
| #define HAVE___BSWAP_16 1
| #define HAVE___BSWAP_32 1
| #define HAVE___BSWAP_64 1
| #define HAVE___BUILTIN_BSWAP16 1
| #define HAVE___BUILTIN_BSWAP32 1
| #define HAVE___BUILTIN_BSWAP64 1
| #define HAVE___BUILTIN_CONSTANT_P 1
| #define HAVE___BUILTIN_CHOOSE_EXPR 1
| #define CFLAGS_WERROR_ATTRIBUTES 1
| #define HAVE_FUNC_ATTRIBUTE_NORETURN 1
| #define HAVE_FUNC_PTR_ATTRIBUTE_NORETURN 1
| #define HAVE_FUNC_ATTRIBUTE_RETURNS_NONNULL 1
| #define HAVE_FUNC_ATTRIBUTE_MALLOC 1
| #define HAVE_FUNC_ATTRIBUTE1_ALLOC_SIZE 1
| #define HAVE_FUNC_PTR_ATTRIBUTE1_ALLOC_SIZE 1
| #define HAVE_FUNC_ATTRIBUTE_SENTINEL 1
| #define HAVE_FUNC_ATTRIBUTE3_FORMAT 1
| #define HAVE_FUNC_PTR_ATTRIBUTE3_FORMAT 1
| #define HAVE_FUNC_ATTRIBUTE_CONST 1
| #define HAVE_FUNC_PTR_ATTRIBUTE_CONST 1
| #define HAVE_FUNC_ATTRIBUTE_PURE 1
| #define HAVE_FUNC_PTR_ATTRIBUTE_PURE 1
| #define HAVE_FUNC_ATTRIBUTE_COLD 1
| #define HAVE_FUNC_ATTRIBUTE_UNUSED 1
| #define HAVE_FUNC_PTR_ATTRIBUTE_UNUSED 1
| #define HAVE_FUNC_ATTRIBUTE_ERROR 1
| #define CFLAGS_FFUNCTION_SECTIONS 1
| #define CFLAGS_FDATA_SECTIONS 1
| #define LDFLAGS_WL_GC_SECTIONS 1
| #define CFLAGS_FVISIBILITY_HIDDEN 1
| #define CFLAGS_WALL 1
| #define CFLAGS_W 1
| #define CFLAGS_PEDANTIC 1
| #define CFLAGS_WC99_COMPAT 1
| #define CFLAGS_WC99_EXTENSIONS 1
| #define CFLAGS_WLONG_LONG 1
| /* end confdefs.h.  */
| #include <stddef.h>
| #ifdef HAVE_STDIO_H
| # include <stdio.h>
| #endif
| #ifdef HAVE_STDLIB_H
| # include <stdlib.h>
| #endif
| #ifdef HAVE_STRING_H
| # include <string.h>
| #endif
| #ifdef HAVE_INTTYPES_H
| # include <inttypes.h>
| #endif
| #ifdef HAVE_STDINT_H
| # include <stdint.h>
| #endif
| #ifdef HAVE_STRINGS_H
| # include <strings.h>
| #endif
| #ifdef HAVE_SYS_TYPES_H
| # include <sys/types.h>
| #endif
| #ifdef HAVE_SYS_STAT_H
| # include <sys/stat.h>
| #endif
| #ifdef HAVE_UNISTD_H
| # include <unistd.h>
| #endif
| #include <string.h>
| #include <stdarg.h>
| #include <endian.h>
| int
| main (void)
| {
| printf("Hello, World!\n");
|   ;
|   return 0;
| }
configure:9439: result: no
configure:9446: checking if /home/arnab/Aflplusplus/AFLplusplus/afl-clang-fast accepts -Wshift-negative-value
configure:9461: /home/arnab/Aflplusplus/AFLplusplus/afl-clang-fast -o conftest -g -O2 -std=c17 -Werror=unknown-warning-option -fwrapv -ftrivial-auto-var-init=zero -U__STRICT_ANSI__ -fno-common -Werror=attributes -ffunction-sections -fdata-sections -fvisibility=hidden -Wall -W -pedantic -Wc99-compat -Wc99-extensions -Wno-long-long -Wshift-negative-value   -Wl,--gc-sections conftest.c  >&5
configure:9461: $? = 0
configure:9463: result: yes
configure:9525: checking if /home/arnab/Aflplusplus/AFLplusplus/afl-clang-fast accepts -Werror=implicit
configure:9540: /home/arnab/Aflplusplus/AFLplusplus/afl-clang-fast -o conftest -g -O2 -std=c17 -Werror=unknown-warning-option -fwrapv -ftrivial-auto-var-init=zero -U__STRICT_ANSI__ -fno-common -Werror=attributes -ffunction-sections -fdata-sections -fvisibility=hidden -Wall -W -pedantic -Wc99-compat -Wc99-extensions -Wno-long-long -Wno-shift-negative-value -Werror=implicit   -Wl,--gc-sections conftest.c  >&5
configure:9540: $? = 0
configure:9542: result: yes
configure:9557: checking if /home/arnab/Aflplusplus/AFLplusplus/afl-clang-fast accepts -Werror=missing-braces
configure:9572: /home/arnab/Aflplusplus/AFLplusplus/afl-clang-fast -o conftest -g -O2 -std=c17 -Werror=unknown-warning-option -fwrapv -ftrivial-auto-var-init=zero -U__STRICT_ANSI__ -fno-common -Werror=attributes -ffunction-sections -fdata-sections -fvisibility=hidden -Wall -W -pedantic -Wc99-compat -Wc99-extensions -Wno-long-long -Wno-shift-negative-value -Werror=implicit -Werror=missing-braces   -Wl,--gc-sections conftest.c  >&5
configure:9572: $? = 0
configure:9574: result: yes
configure:9589: checking if /home/arnab/Aflplusplus/AFLplusplus/afl-clang-fast accepts -Werror=return-type
configure:9604: /home/arnab/Aflplusplus/AFLplusplus/afl-clang-fast -o conftest -g -O2 -std=c17 -Werror=unknown-warning-option -fwrapv -ftrivial-auto-var-init=zero -U__STRICT_ANSI__ -fno-common -Werror=attributes -ffunction-sections -fdata-sections -fvisibility=hidden -Wall -W -pedantic -Wc99-compat -Wc99-extensions -Wno-long-long -Wno-shift-negative-value -Werror=implicit -Werror=missing-braces -Werror=return-type   -Wl,--gc-sections conftest.c  >&5
configure:9604: $? = 0
configure:9606: result: yes
configure:9621: checking if /home/arnab/Aflplusplus/AFLplusplus/afl-clang-fast accepts -Werror=trigraphs
configure:9636: /home/arnab/Aflplusplus/AFLplusplus/afl-clang-fast -o conftest -g -O2 -std=c17 -Werror=unknown-warning-option -fwrapv -ftrivial-auto-var-init=zero -U__STRICT_ANSI__ -fno-common -Werror=attributes -ffunction-sections -fdata-sections -fvisibility=hidden -Wall -W -pedantic -Wc99-compat -Wc99-extensions -Wno-long-long -Wno-shift-negative-value -Werror=implicit -Werror=missing-braces -Werror=return-type -Werror=trigraphs   -Wl,--gc-sections conftest.c  >&5
configure:9636: $? = 0
configure:9638: result: yes
configure:9653: checking if /home/arnab/Aflplusplus/AFLplusplus/afl-clang-fast accepts -Werror=pointer-arith
configure:9668: /home/arnab/Aflplusplus/AFLplusplus/afl-clang-fast -o conftest -g -O2 -std=c17 -Werror=unknown-warning-option -fwrapv -ftrivial-auto-var-init=zero -U__STRICT_ANSI__ -fno-common -Werror=attributes -ffunction-sections -fdata-sections -fvisibility=hidden -Wall -W -pedantic -Wc99-compat -Wc99-extensions -Wno-long-long -Wno-shift-negative-value -Werror=implicit -Werror=missing-braces -Werror=return-type -Werror=trigraphs -Werror=pointer-arith   -Wl,--gc-sections conftest.c  >&5
configure:9668: $? = 0
configure:9670: result: yes
configure:9685: checking if /home/arnab/Aflplusplus/AFLplusplus/afl-clang-fast accepts -Werror=strict-prototypes
configure:9700: /home/arnab/Aflplusplus/AFLplusplus/afl-clang-fast -o conftest -g -O2 -std=c17 -Werror=unknown-warning-option -fwrapv -ftrivial-auto-var-init=zero -U__STRICT_ANSI__ -fno-common -Werror=attributes -ffunction-sections -fdata-sections -fvisibility=hidden -Wall -W -pedantic -Wc99-compat -Wc99-extensions -Wno-long-long -Wno-shift-negative-value -Werror=implicit -Werror=missing-braces -Werror=return-type -Werror=trigraphs -Werror=pointer-arith -Werror=strict-prototypes   -Wl,--gc-sections conftest.c  >&5
configure:9700: $? = 0
configure:9702: result: yes
configure:9717: checking if /home/arnab/Aflplusplus/AFLplusplus/afl-clang-fast accepts -Werror=missing-prototypes
configure:9732: /home/arnab/Aflplusplus/AFLplusplus/afl-clang-fast -o conftest -g -O2 -std=c17 -Werror=unknown-warning-option -fwrapv -ftrivial-auto-var-init=zero -U__STRICT_ANSI__ -fno-common -Werror=attributes -ffunction-sections -fdata-sections -fvisibility=hidden -Wall -W -pedantic -Wc99-compat -Wc99-extensions -Wno-long-long -Wno-shift-negative-value -Werror=implicit -Werror=missing-braces -Werror=return-type -Werror=trigraphs -Werror=pointer-arith -Werror=strict-prototypes -Werror=missing-prototypes   -Wl,--gc-sections conftest.c  >&5
configure:9732: $? = 0
configure:9734: result: yes
configure:9749: checking if /home/arnab/Aflplusplus/AFLplusplus/afl-clang-fast accepts -Werror=missing-declarations
configure:9764: /home/arnab/Aflplusplus/AFLplusplus/afl-clang-fast -o conftest -g -O2 -std=c17 -Werror=unknown-warning-option -fwrapv -ftrivial-auto-var-init=zero -U__STRICT_ANSI__ -fno-common -Werror=attributes -ffunction-sections -fdata-sections -fvisibility=hidden -Wall -W -pedantic -Wc99-compat -Wc99-extensions -Wno-long-long -Wno-shift-negative-value -Werror=implicit -Werror=missing-braces -Werror=return-type -Werror=trigraphs -Werror=pointer-arith -Werror=strict-prototypes -Werror=missing-prototypes -Werror=missing-declarations   -Wl,--gc-sections conftest.c  >&5
configure:9764: $? = 0
configure:9766: result: yes
configure:9781: checking if /home/arnab/Aflplusplus/AFLplusplus/afl-clang-fast accepts -Werror=comment
configure:9796: /home/arnab/Aflplusplus/AFLplusplus/afl-clang-fast -o conftest -g -O2 -std=c17 -Werror=unknown-warning-option -fwrapv -ftrivial-auto-var-init=zero -U__STRICT_ANSI__ -fno-common -Werror=attributes -ffunction-sections -fdata-sections -fvisibility=hidden -Wall -W -pedantic -Wc99-compat -Wc99-extensions -Wno-long-long -Wno-shift-negative-value -Werror=implicit -Werror=missing-braces -Werror=return-type -Werror=trigraphs -Werror=pointer-arith -Werror=strict-prototypes -Werror=missing-prototypes -Werror=missing-declarations -Werror=comment   -Wl,--gc-sections conftest.c  >&5
configure:9796: $? = 0
configure:9798: result: yes
configure:9813: checking if /home/arnab/Aflplusplus/AFLplusplus/afl-clang-fast accepts -Werror=vla
configure:9828: /home/arnab/Aflplusplus/AFLplusplus/afl-clang-fast -o conftest -g -O2 -std=c17 -Werror=unknown-warning-option -fwrapv -ftrivial-auto-var-init=zero -U__STRICT_ANSI__ -fno-common -Werror=attributes -ffunction-sections -fdata-sections -fvisibility=hidden -Wall -W -pedantic -Wc99-compat -Wc99-extensions -Wno-long-long -Wno-shift-negative-value -Werror=implicit -Werror=missing-braces -Werror=return-type -Werror=trigraphs -Werror=pointer-arith -Werror=strict-prototypes -Werror=missing-prototypes -Werror=missing-declarations -Werror=comment -Werror=vla   -Wl,--gc-sections conftest.c  >&5
configure:9828: $? = 0
configure:9830: result: yes
configure:10057: checking if /home/arnab/Aflplusplus/AFLplusplus/afl-clang-fast supports C99 external inlines
configure:10075: /home/arnab/Aflplusplus/AFLplusplus/afl-clang-fast -c -g -O2 -std=c17 -Werror=unknown-warning-option -fwrapv -ftrivial-auto-var-init=zero -U__STRICT_ANSI__ -fno-common -Werror=attributes -ffunction-sections -fdata-sections -fvisibility=hidden -Wall -W -pedantic -Wc99-compat -Wc99-extensions -Wno-long-long -Wno-shift-negative-value -Werror=implicit -Werror=missing-braces -Werror=return-type -Werror=trigraphs -Werror=pointer-arith -Werror=strict-prototypes -Werror=missing-prototypes -Werror=missing-declarations -Werror=comment -Werror=vla  conftest.c >&5
configure:10075: $? = 0
configure:10077: result: yes
configure:10119: checking if /home/arnab/Aflplusplus/AFLplusplus/afl-clang-fast supports typeof
configure:10142: /home/arnab/Aflplusplus/AFLplusplus/afl-clang-fast -c -g -O2 -std=c17 -Werror=unknown-warning-option -fwrapv -ftrivial-auto-var-init=zero -U__STRICT_ANSI__ -fno-common -Werror=attributes -ffunction-sections -fdata-sections -fvisibility=hidden -Wall -W -pedantic -Wc99-compat -Wc99-extensions -Wno-long-long -Wno-shift-negative-value -Werror=implicit -Werror=missing-braces -Werror=return-type -Werror=trigraphs -Werror=pointer-arith -Werror=strict-prototypes -Werror=missing-prototypes -Werror=missing-declarations -Werror=comment -Werror=vla  conftest.c >&5
conftest.c:185:5: error: call to undeclared function 'typeof'; ISO C99 and later do not support implicit function declarations [-Wimplicit-function-declaration]
  185 |     typeof(x) y = x*x;
      |     ^
conftest.c:185:14: error: expected ';' after expression
  185 |     typeof(x) y = x*x;
      |              ^
      |              ;
conftest.c:185:15: error: use of undeclared identifier 'y'
  185 |     typeof(x) y = x*x;
      |               ^
conftest.c:186:12: error: use of undeclared identifier 'y'
  186 |     return y;
      |            ^
4 errors generated.
configure:10142: $? = 1
configure: failed program was:
| /* confdefs.h */
| #define PACKAGE_NAME ""
| #define PACKAGE_TARNAME ""
| #define PACKAGE_VERSION ""
| #define PACKAGE_STRING ""
| #define PACKAGE_BUGREPORT ""
| #define PACKAGE_URL ""
| #define HAVE_STDIO_H 1
| #define HAVE_STDLIB_H 1
| #define HAVE_STRING_H 1
| #define HAVE_INTTYPES_H 1
| #define HAVE_STDINT_H 1
| #define HAVE_STRINGS_H 1
| #define HAVE_SYS_STAT_H 1
| #define HAVE_SYS_TYPES_H 1
| #define HAVE_UNISTD_H 1
| #define HAVE_WCHAR_H 1
| #define HAVE_SYS_PARAM_H 1
| #define STDC_HEADERS 1
| #define _ALL_SOURCE 1
| #define _DARWIN_C_SOURCE 1
| #define _GNU_SOURCE 1
| #define _HPUX_ALT_XOPEN_SOCKET_API 1
| #define _NETBSD_SOURCE 1
| #define _OPENBSD_SOURCE 1
| #define _POSIX_PTHREAD_SEMANTICS 1
| #define __STDC_WANT_IEC_60559_ATTRIBS_EXT__ 1
| #define __STDC_WANT_IEC_60559_BFP_EXT__ 1
| #define __STDC_WANT_IEC_60559_DFP_EXT__ 1
| #define __STDC_WANT_IEC_60559_FUNCS_EXT__ 1
| #define __STDC_WANT_IEC_60559_TYPES_EXT__ 1
| #define __STDC_WANT_LIB_EXT2__ 1
| #define __STDC_WANT_MATH_SPEC_FUNCS__ 1
| #define _TANDEM_SOURCE 1
| #define __EXTENSIONS__ 1
| #define CFLAGS_STD_C17 1
| #define WORDS_LITTLEENDIAN 1
| #define CFLAGS_WERROR_UNKNOWN_WARNING_OPTION 1
| #define CFLAGS_FWRAPV 1
| #define CFLAGS_FTRIVIAL_AUTO_VAR_INIT_ZERO 1
| #define CFLAGS_U_STRICT_ANSI 1
| #define CFLAGS_FNO_COMMON 1
| #define restrict __restrict__
| #define HAVE_STRING_H 1
| #define HAVE_STDARG_H 1
| #define HAVE_INTTYPES_H 1
| #define HAVE_STRINGS_H 1
| #define HAVE__BOOL 1
| #define HAVE_STDBOOL_H 1
| #define HAVE_STDNORETURN_H 1
| #define HAVE_FCNTL_H 1
| #define HAVE_UNISTD_H 1
| #define HAVE_SYS_MMAN_H 1
| #define HAVE_SYS_TYPES_H 1
| #define HAVE_SYS_STAT_H 1
| #define HAVE_SYS_RESOURCE_H 1
| #define HAVE_STRCASECMP 1
| #define HAVE_STRNCASECMP 1
| #define HAVE_STRSEP 1
| #define HAVE_STRNLEN 1
| #define HAVE_ISCNTRL 1
| #define HAVE_ISASCII 1
| #define HAVE_MEMPCPY 1
| #define HAVE_GETUID 1
| #define HAVE_GETGID 1
| #define HAVE_GETRLIMIT 1
| #define HAVE_REALPATH 1
| #define HAVE_CANONICALIZE_FILE_NAME 1
| #define HAVE_PATHCONF 1
| #define HAVE_FSEEKO 1
| #define HAVE_FTRUNCATE 1
| #define HAVE_FILENO 1
| #define HAVE_GETPAGESIZE 1
| #define HAVE_MMAP 1
| #define HAVE_GETPAGESIZE 1
| #define HAVE_SYSCONF 1
| #define HAVE_ACCESS 1
| #define HAVE_FACCESSAT 1
| #define HAVE___BUILTIN_EXPECT 1
| #define HAVE___BUILTIN_CLZ 1
| #define HAVE___BUILTIN_CLZL 1
| #define HAVE___BUILTIN_CLZLL 1
| #define HAVE_SNPRINTF 1
| #define HAVE_VSNPRINTF 1
| #define HAVE_STRUCT_STAT 1
| #define HAVE_STAT 1
| #define HAVE_FSTAT 1
| #define HAVE_DECL_STRCASECMP 1
| #define HAVE_DECL_STRICMP 0
| #define HAVE_DECL_STRNCASECMP 1
| #define HAVE_DECL_STRNICMP 0
| #define HAVE_DECL_STRSEP 1
| #define HAVE_DECL_STRLCPY 0
| #define HAVE_DECL_STRNLEN 1
| #define HAVE_DECL_STRRCHRNUL 0
| #define HAVE_UINTPTR_T 1
| #define HAVE_ENDIAN_H 1
| #define HAVE_HTOLE16 1
| #define HAVE_HTOLE32 1
| #define HAVE_HTOLE64 1
| #define HAVE___BSWAP_16 1
| #define HAVE___BSWAP_32 1
| #define HAVE___BSWAP_64 1
| #define HAVE___BUILTIN_BSWAP16 1
| #define HAVE___BUILTIN_BSWAP32 1
| #define HAVE___BUILTIN_BSWAP64 1
| #define HAVE___BUILTIN_CONSTANT_P 1
| #define HAVE___BUILTIN_CHOOSE_EXPR 1
| #define CFLAGS_WERROR_ATTRIBUTES 1
| #define HAVE_FUNC_ATTRIBUTE_NORETURN 1
| #define HAVE_FUNC_PTR_ATTRIBUTE_NORETURN 1
| #define HAVE_FUNC_ATTRIBUTE_RETURNS_NONNULL 1
| #define HAVE_FUNC_ATTRIBUTE_MALLOC 1
| #define HAVE_FUNC_ATTRIBUTE1_ALLOC_SIZE 1
| #define HAVE_FUNC_PTR_ATTRIBUTE1_ALLOC_SIZE 1
| #define HAVE_FUNC_ATTRIBUTE_SENTINEL 1
| #define HAVE_FUNC_ATTRIBUTE3_FORMAT 1
| #define HAVE_FUNC_PTR_ATTRIBUTE3_FORMAT 1
| #define HAVE_FUNC_ATTRIBUTE_CONST 1
| #define HAVE_FUNC_PTR_ATTRIBUTE_CONST 1
| #define HAVE_FUNC_ATTRIBUTE_PURE 1
| #define HAVE_FUNC_PTR_ATTRIBUTE_PURE 1
| #define HAVE_FUNC_ATTRIBUTE_COLD 1
| #define HAVE_FUNC_ATTRIBUTE_UNUSED 1
| #define HAVE_FUNC_PTR_ATTRIBUTE_UNUSED 1
| #define HAVE_FUNC_ATTRIBUTE_ERROR 1
| #define CFLAGS_FFUNCTION_SECTIONS 1
| #define CFLAGS_FDATA_SECTIONS 1
| #define LDFLAGS_WL_GC_SECTIONS 1
| #define CFLAGS_FVISIBILITY_HIDDEN 1
| #define CFLAGS_WALL 1
| #define CFLAGS_W 1
| #define CFLAGS_PEDANTIC 1
| #define CFLAGS_WC99_COMPAT 1
| #define CFLAGS_WC99_EXTENSIONS 1
| #define CFLAGS_WLONG_LONG 1
| #define CFLAGS_WSHIFT_NEGATIVE_VALUE 1
| #define CFLAGS_WERROR_IMPLICIT 1
| #define CFLAGS_WERROR_MISSING_BRACES 1
| #define CFLAGS_WERROR_RETURN_TYPE 1
| #define CFLAGS_WERROR_TRIGRAPHS 1
| #define CFLAGS_WERROR_POINTER_ARITH 1
| #define CFLAGS_WERROR_STRICT_PROTOTYPES 1
| #define CFLAGS_WERROR_MISSING_PROTOTYPES 1
| #define CFLAGS_WERROR_MISSING_DECLARATIONS 1
| #define CFLAGS_WERROR_COMMENT 1
| #define CFLAGS_WERROR_VLA 1
| #define HAVE_STDC_INLINE 1
| /* end confdefs.h.  */
| 
| #include <stddef.h>
| #ifdef HAVE_STDIO_H
| # include <stdio.h>
| #endif
| #ifdef HAVE_STDLIB_H
| # include <stdlib.h>
| #endif
| #ifdef HAVE_STRING_H
| # include <string.h>
| #endif
| #ifdef HAVE_INTTYPES_H
| # include <inttypes.h>
| #endif
| #ifdef HAVE_STDINT_H
| # include <stdint.h>
| #endif
| #ifdef HAVE_STRINGS_H
| # include <strings.h>
| #endif
| #ifdef HAVE_SYS_TYPES_H
| # include <sys/types.h>
| #endif
| #ifdef HAVE_SYS_STAT_H
| # include <sys/stat.h>
| #endif
| #ifdef HAVE_UNISTD_H
| # include <unistd.h>
| #endif
| #include <string.h>
| #include <stdarg.h>
| #include <endian.h>
| int testme(int x);
| int testme(int x)
| {
|     typeof(x) y = x*x;
|     return y;
| }
| 
configure:10142: /home/arnab/Aflplusplus/AFLplusplus/afl-clang-fast -c -g -O2 -std=c17 -Werror=unknown-warning-option -fwrapv -ftrivial-auto-var-init=zero -U__STRICT_ANSI__ -fno-common -Werror=attributes -ffunction-sections -fdata-sections -fvisibility=hidden -Wall -W -pedantic -Wc99-compat -Wc99-extensions -Wno-long-long -Wno-shift-negative-value -Werror=implicit -Werror=missing-braces -Werror=return-type -Werror=trigraphs -Werror=pointer-arith -Werror=strict-prototypes -Werror=missing-prototypes -Werror=missing-declarations -Werror=comment -Werror=vla  conftest.c >&5
configure:10142: $? = 0
configure:10151: result: __typeof
configure:10296: creating ./config.status

## ---------------------- ##
## Running config.status. ##
## ---------------------- ##

This file was extended by config.status, which was
generated by GNU Autoconf 2.71.  Invocation command line was

  CONFIG_FILES    = 
  CONFIG_HEADERS  = 
  CONFIG_LINKS    = 
  CONFIG_COMMANDS = 
  $ ./config.status 

on aria

config.status:959: creating Makefile
config.status:959: creating doc/Makefile
config.status:959: creating config/config.h

## ---------------- ##
## Cache variables. ##
## ---------------- ##

ac_cv_build=x86_64-pc-linux-gnu
ac_cv_c_bigendian=no
ac_cv_c_compiler_gnu=yes
ac_cv_c_const=yes
ac_cv_c_inline=inline
ac_cv_c_restrict=__restrict__
ac_cv_c_undeclared_builtin_options='none needed'
ac_cv_env_CC_set=set
ac_cv_env_CC_value=/home/arnab/Aflplusplus/AFLplusplus/afl-clang-fast
ac_cv_env_CFLAGS_set=
ac_cv_env_CFLAGS_value=
ac_cv_env_CPPFLAGS_set=
ac_cv_env_CPPFLAGS_value=
ac_cv_env_LDFLAGS_set=
ac_cv_env_LDFLAGS_value=
ac_cv_env_LIBS_set=
ac_cv_env_LIBS_value=
ac_cv_env_build_alias_set=
ac_cv_env_build_alias_value=
ac_cv_env_host_alias_set=
ac_cv_env_host_alias_value=
ac_cv_env_target_alias_set=
ac_cv_env_target_alias_value=
ac_cv_func_S_ISREG=no
ac_cv_func__access=no
ac_cv_func__chsize=no
ac_cv_func__chsize_s=no
ac_cv_func__fileno=no
ac_cv_func__fseeki64=no
ac_cv_func__fstati64=no
ac_cv_func__fullpath=no
ac_cv_func__stati64=no
ac_cv_func_access=yes
ac_cv_func_canonicalize_file_name=yes
ac_cv_func_faccessat=yes
ac_cv_func_fileno=yes
ac_cv_func_fstat=yes
ac_cv_func_ftruncate=yes
ac_cv_func_getgid=yes
ac_cv_func_getpagesize=yes
ac_cv_func_getrlimit=yes
ac_cv_func_getuid=yes
ac_cv_func_isascii=yes
ac_cv_func_iscntrl=yes
ac_cv_func_mempcpy=yes
ac_cv_func_mempset=no
ac_cv_func_mmap_fixed_mapped=yes
ac_cv_func_pathconf=yes
ac_cv_func_realpath=yes
ac_cv_func_stat=yes
ac_cv_func_strcasecmp=yes
ac_cv_func_stricmp=no
ac_cv_func_strlcpy=no
ac_cv_func_strncasecmp=yes
ac_cv_func_strnicmp=no
ac_cv_func_strnlen=yes
ac_cv_func_strrchrnul=no
ac_cv_func_strsep=yes
ac_cv_func_sysconf=yes
ac_cv_have_decl_strcasecmp=yes
ac_cv_have_decl_stricmp=no
ac_cv_have_decl_strlcpy=no
ac_cv_have_decl_strncasecmp=yes
ac_cv_have_decl_strnicmp=no
ac_cv_have_decl_strnlen=yes
ac_cv_have_decl_strrchrnul=no
ac_cv_have_decl_strsep=yes
ac_cv_header_endian_h=yes
ac_cv_header_fcntl_h=yes
ac_cv_header_intrin_h=no
ac_cv_header_inttypes_h=yes
ac_cv_header_io_h=no
ac_cv_header_machine_endian_h=no
ac_cv_header_minix_config_h=no
ac_cv_header_stdarg_h=yes
ac_cv_header_stdbool_h=yes
ac_cv_header_stdint_h=yes
ac_cv_header_stdio_h=yes
ac_cv_header_stdlib_h=yes
ac_cv_header_stdnoreturn_h=yes
ac_cv_header_string_h=yes
ac_cv_header_strings_h=yes
ac_cv_header_sys_endian_h=no
ac_cv_header_sys_mman_h=yes
ac_cv_header_sys_param_h=yes
ac_cv_header_sys_resource_h=yes
ac_cv_header_sys_stat_h=yes
ac_cv_header_sys_types_h=yes
ac_cv_header_unistd_h=yes
ac_cv_header_wchar_h=yes
ac_cv_host=x86_64-pc-linux-gnu
ac_cv_objext=o
ac_cv_path_ac_prefix_program=/home/arnab/bin/nasm
ac_cv_path_install='/usr/bin/install -c'
ac_cv_path_mkdir=/usr/bin/mkdir
ac_cv_prog_NROFF=nroff
ac_cv_prog_XMLTO=xmlto
ac_cv_prog_XZ=xz
ac_cv_prog_ac_ct_AR=ar
ac_cv_prog_ac_ct_CC=/home/arnab/Aflplusplus/AFLplusplus/afl-clang-fast
ac_cv_prog_ac_ct_RANLIB=ranlib
ac_cv_prog_ac_ct_STRIP=strip
ac_cv_prog_cc_c11=
ac_cv_prog_cc_g=yes
ac_cv_prog_cc_stdc=
ac_cv_prog_make_make_set=yes
ac_cv_safe_to_define___extensions__=yes
ac_cv_should_define__xopen_source=no
ac_cv_sys_file_offset_bits=no
ac_cv_sys_largefile_CC=no
ac_cv_sys_largefile_source=no
ac_cv_type__Bool=yes
ac_cv_type_size_t=yes
ac_cv_type_struct__stati64=no
ac_cv_type_struct_stat=yes
ac_cv_type_uintptr_t=yes
pa_cv_func_snprintf=snprintf
pa_cv_func_vsnprintf=vsnprintf
pa_cv_typeof=__typeof

## ----------------- ##
## Output variables. ##
## ----------------- ##

AR='ar'
ASCIIDOC='false'
CC='/home/arnab/Aflplusplus/AFLplusplus/afl-clang-fast'
CC_AR=''
CC_RANLIB=''
CFLAGS='-g -O2 -std=c17 -Werror=unknown-warning-option -fwrapv -ftrivial-auto-var-init=zero -U__STRICT_ANSI__ -fno-common -Werror=attributes -ffunction-sections -fdata-sections -fvisibility=hidden -Wall -W -pedantic -Wc99-compat -Wc99-extensions -Wno-long-long -Wno-shift-negative-value -Werror=implicit -Werror=missing-braces -Werror=return-type -Werror=trigraphs -Werror=pointer-arith -Werror=strict-prototypes -Werror=missing-prototypes -Werror=missing-declarations -Werror=comment -Werror=vla'
CPPFLAGS=''
DEFS='-DHAVE_CONFIG_H'
ECHO_C=''
ECHO_N='-n'
ECHO_T=''
EXEEXT=''
INSTALL_DATA='${INSTALL} -m 644'
INSTALL_PROGRAM='${INSTALL}'
INSTALL_SCRIPT='${INSTALL}'
LDFLAGS=' -Wl,--gc-sections'
LIBEXT='a'
LIBOBJS=''
LIBS=''
LN_S='ln -s'
LTLIBOBJS=''
MAKENSIS='false'
MAKENSIS_PLAIN=''
MAKENSIS_TOOL=''
MANPAGES=''
MKDIR_P='/usr/bin/mkdir -p'
NROFF='nroff'
NSIS=''
OBJEXT='o'
PACKAGE_BUGREPORT=''
PACKAGE_NAME=''
PACKAGE_STRING=''
PACKAGE_TARNAME=''
PACKAGE_URL=''
PACKAGE_VERSION=''
PATH_SEPARATOR=':'
PDFOPT=''
RANLIB='ranlib'
SET_MAKE=''
SHELL='/bin/bash'
STRIP='strip'
XMLTO='xmlto'
XZ='xz'
XZFILES='xzfiles'
ac_ct_CC='/home/arnab/Aflplusplus/AFLplusplus/afl-clang-fast'
ac_prefix_program='/home/arnab/bin/nasm'
bindir='${exec_prefix}/bin'
build='x86_64-pc-linux-gnu'
build_alias=''
build_cpu='x86_64'
build_os='linux-gnu'
build_vendor='pc'
datadir='${datarootdir}'
datarootdir='${prefix}/share'
docdir='${datarootdir}/doc/${PACKAGE}'
dvidir='${docdir}'
exec_prefix='${prefix}'
host='x86_64-pc-linux-gnu'
host_alias=''
host_cpu='x86_64'
host_os='linux-gnu'
host_vendor='pc'
htmldir='${docdir}'
includedir='${prefix}/include'
infodir='${datarootdir}/info'
libdir='${exec_prefix}/lib'
libexecdir='${exec_prefix}/libexec'
localedir='${datarootdir}/locale'
localstatedir='${prefix}/var'
mandir='${datarootdir}/man'
oldincludedir='/usr/include'
pdfdir='${docdir}'
prefix='/home/arnab'
program_transform_name='s,x,x,'
psdir='${docdir}'
runstatedir='${localstatedir}/run'
sbindir='${exec_prefix}/sbin'
sharedstatedir='${prefix}/com'
sysconfdir='${prefix}/etc'
target_alias=''

## ----------- ##
## confdefs.h. ##
## ----------- ##

/* confdefs.h */
#define PACKAGE_NAME ""
#define PACKAGE_TARNAME ""
#define PACKAGE_VERSION ""
#define PACKAGE_STRING ""
#define PACKAGE_BUGREPORT ""
#define PACKAGE_URL ""
#define HAVE_STDIO_H 1
#define HAVE_STDLIB_H 1
#define HAVE_STRING_H 1
#define HAVE_INTTYPES_H 1
#define HAVE_STDINT_H 1
#define HAVE_STRINGS_H 1
#define HAVE_SYS_STAT_H 1
#define HAVE_SYS_TYPES_H 1
#define HAVE_UNISTD_H 1
#define HAVE_WCHAR_H 1
#define HAVE_SYS_PARAM_H 1
#define STDC_HEADERS 1
#define _ALL_SOURCE 1
#define _DARWIN_C_SOURCE 1
#define _GNU_SOURCE 1
#define _HPUX_ALT_XOPEN_SOCKET_API 1
#define _NETBSD_SOURCE 1
#define _OPENBSD_SOURCE 1
#define _POSIX_PTHREAD_SEMANTICS 1
#define __STDC_WANT_IEC_60559_ATTRIBS_EXT__ 1
#define __STDC_WANT_IEC_60559_BFP_EXT__ 1
#define __STDC_WANT_IEC_60559_DFP_EXT__ 1
#define __STDC_WANT_IEC_60559_FUNCS_EXT__ 1
#define __STDC_WANT_IEC_60559_TYPES_EXT__ 1
#define __STDC_WANT_LIB_EXT2__ 1
#define __STDC_WANT_MATH_SPEC_FUNCS__ 1
#define _TANDEM_SOURCE 1
#define __EXTENSIONS__ 1
#define CFLAGS_STD_C17 1
#define WORDS_LITTLEENDIAN 1
#define CFLAGS_WERROR_UNKNOWN_WARNING_OPTION 1
#define CFLAGS_FWRAPV 1
#define CFLAGS_FTRIVIAL_AUTO_VAR_INIT_ZERO 1
#define CFLAGS_U_STRICT_ANSI 1
#define CFLAGS_FNO_COMMON 1
#define restrict __restrict__
#define HAVE_STRING_H 1
#define HAVE_STDARG_H 1
#define HAVE_INTTYPES_H 1
#define HAVE_STRINGS_H 1
#define HAVE__BOOL 1
#define HAVE_STDBOOL_H 1
#define HAVE_STDNORETURN_H 1
#define HAVE_FCNTL_H 1
#define HAVE_UNISTD_H 1
#define HAVE_SYS_MMAN_H 1
#define HAVE_SYS_TYPES_H 1
#define HAVE_SYS_STAT_H 1
#define HAVE_SYS_RESOURCE_H 1
#define HAVE_STRCASECMP 1
#define HAVE_STRNCASECMP 1
#define HAVE_STRSEP 1
#define HAVE_STRNLEN 1
#define HAVE_ISCNTRL 1
#define HAVE_ISASCII 1
#define HAVE_MEMPCPY 1
#define HAVE_GETUID 1
#define HAVE_GETGID 1
#define HAVE_GETRLIMIT 1
#define HAVE_REALPATH 1
#define HAVE_CANONICALIZE_FILE_NAME 1
#define HAVE_PATHCONF 1
#define HAVE_FSEEKO 1
#define HAVE_FTRUNCATE 1
#define HAVE_FILENO 1
#define HAVE_GETPAGESIZE 1
#define HAVE_MMAP 1
#define HAVE_GETPAGESIZE 1
#define HAVE_SYSCONF 1
#define HAVE_ACCESS 1
#define HAVE_FACCESSAT 1
#define HAVE___BUILTIN_EXPECT 1
#define HAVE___BUILTIN_CLZ 1
#define HAVE___BUILTIN_CLZL 1
#define HAVE___BUILTIN_CLZLL 1
#define HAVE_SNPRINTF 1
#define HAVE_VSNPRINTF 1
#define HAVE_STRUCT_STAT 1
#define HAVE_STAT 1
#define HAVE_FSTAT 1
#define HAVE_DECL_STRCASECMP 1
#define HAVE_DECL_STRICMP 0
#define HAVE_DECL_STRNCASECMP 1
#define HAVE_DECL_STRNICMP 0
#define HAVE_DECL_STRSEP 1
#define HAVE_DECL_STRLCPY 0
#define HAVE_DECL_STRNLEN 1
#define HAVE_DECL_STRRCHRNUL 0
#define HAVE_UINTPTR_T 1
#define HAVE_ENDIAN_H 1
#define HAVE_HTOLE16 1
#define HAVE_HTOLE32 1
#define HAVE_HTOLE64 1
#define HAVE___BSWAP_16 1
#define HAVE___BSWAP_32 1
#define HAVE___BSWAP_64 1
#define HAVE___BUILTIN_BSWAP16 1
#define HAVE___BUILTIN_BSWAP32 1
#define HAVE___BUILTIN_BSWAP64 1
#define HAVE___BUILTIN_CONSTANT_P 1
#define HAVE___BUILTIN_CHOOSE_EXPR 1
#define CFLAGS_WERROR_ATTRIBUTES 1
#define HAVE_FUNC_ATTRIBUTE_NORETURN 1
#define HAVE_FUNC_PTR_ATTRIBUTE_NORETURN 1
#define HAVE_FUNC_ATTRIBUTE_RETURNS_NONNULL 1
#define HAVE_FUNC_ATTRIBUTE_MALLOC 1
#define HAVE_FUNC_ATTRIBUTE1_ALLOC_SIZE 1
#define HAVE_FUNC_PTR_ATTRIBUTE1_ALLOC_SIZE 1
#define HAVE_FUNC_ATTRIBUTE_SENTINEL 1
#define HAVE_FUNC_ATTRIBUTE3_FORMAT 1
#define HAVE_FUNC_PTR_ATTRIBUTE3_FORMAT 1
#define HAVE_FUNC_ATTRIBUTE_CONST 1
#define HAVE_FUNC_PTR_ATTRIBUTE_CONST 1
#define HAVE_FUNC_ATTRIBUTE_PURE 1
#define HAVE_FUNC_PTR_ATTRIBUTE_PURE 1
#define HAVE_FUNC_ATTRIBUTE_COLD 1
#define HAVE_FUNC_ATTRIBUTE_UNUSED 1
#define HAVE_FUNC_PTR_ATTRIBUTE_UNUSED 1
#define HAVE_FUNC_ATTRIBUTE_ERROR 1
#define CFLAGS_FFUNCTION_SECTIONS 1
#define CFLAGS_FDATA_SECTIONS 1
#define LDFLAGS_WL_GC_SECTIONS 1
#define CFLAGS_FVISIBILITY_HIDDEN 1
#define CFLAGS_WALL 1
#define CFLAGS_W 1
#define CFLAGS_PEDANTIC 1
#define CFLAGS_WC99_COMPAT 1
#define CFLAGS_WC99_EXTENSIONS 1
#define CFLAGS_WLONG_LONG 1
#define CFLAGS_WSHIFT_NEGATIVE_VALUE 1
#define CFLAGS_WERROR_IMPLICIT 1
#define CFLAGS_WERROR_MISSING_BRACES 1
#define CFLAGS_WERROR_RETURN_TYPE 1
#define CFLAGS_WERROR_TRIGRAPHS 1
#define CFLAGS_WERROR_POINTER_ARITH 1
#define CFLAGS_WERROR_STRICT_PROTOTYPES 1
#define CFLAGS_WERROR_MISSING_PROTOTYPES 1
#define CFLAGS_WERROR_MISSING_DECLARATIONS 1
#define CFLAGS_WERROR_COMMENT 1
#define CFLAGS_WERROR_VLA 1
#define HAVE_STDC_INLINE 1
#define HAVE_TYPEOF 1
#define typeof __typeof

configure: exit 0
